S. No.,Item name*,Item code,Purchase,Sale Price,In stock,
1,BIOTIQUE BIO HONEY GEL,8906009459943,90,120,2,
2,NESTLE EVERY DAY,,2,3,-8,
3,TEA CHAI READY TO EAT,,15,25,9,
4,BRU INSTANT,8901030783029,9,10,8,
5,PARLE CHATKEENS KHATTA M,8901719120251,79,200,5,
6,DISPOSAL PLATE APPLE 25,36000367065,37,90,30,
7,WHISPER ULTRA CLEAN XL 4,,215,430,3,
8,VLCC HEENA NATURAL HERBA,8907122006625,40,60,3,
9,CATCH CHAN MASALA 100GM,8901192207111,60,65,0,
10,VENUS REFILLIES,4902430857277,330,350,1,
11,WHISPER XL+ 44 PADS,4902430473194,215,430,4,
12,VIM 3UX200G,8901030860416,45,52,4,
13,3IN1 NOTE BOOK 172 PAGES,,30,45,38,
14,5 STAR CHOCOLATE BIG PAC,7622201771812,140,149,5,
15,5 STAR CLEANING JOONA SE,,40,48,0,
16,A4 NoteBook 112 Pg 3in1,,14,20,200,
17,A4 NoteBook 112 Pg E,,14,20,200,
18,A4 NoteBook 112 Pg H,,14,20,320,
19,A4 NOTEBOOK 192 PAGE,,23,30,140,
20,AARAMBH OATS 1 KG PP,,110,220,0,
21,ACT II BUTTER PARTY PACK,8901512558206,36,65,13,
22,ACT II CHEESE & HERBS 55,8901512808806,0,40,1,
23,ACT II GOLDEN 60 GM,8901512546005,20,22,6,
24,ACT II MAGIC BUTTER CLAS,8901512540805,9,10,11,
25,ACT II NACHOZ MINIS 24 G,8901512509802,9,10,0,
26,ACT II NACHOZ MINIS 24 G,,0,10,-2,
27,ALL OUT ULTRA MOSQUITOES,8906006430624,358,390,-2,
28,ALL OUT ULTRA MOSQUITOES,,65,70,6,
29,ALOEVER NEEM TULSI HAND,,140,275,5,
30,ALPENLIEBE JUST JELLY,8901393024227,40,50,0,
31,ALPENLIEBE LOLLIPOP G,,6,5,-4,
32,ALPENLIEBE LOLLIPOP 40 G,8901393018745,28.5,30,1,
33,AMRUTANJAN JOINT MUSCLE,8901803001329,140,175,2,
34,AMUL BUTTER 1 KG,8901262010306,450,505,1,
35,AMUL BUTTER 100 GM,8901262010016,46,50,1,
36,AMUL BUTTER 20 GM,,9.4,10,37,
37,AMUL DARK CHOCOLATE 150,8901262070676,88,100,0,
38,AMUL INDIA DARK CHOCOLAT,8901262072052,132,150,11,
39,AMUL INDIA TWILIGHT DARK,8901262071703,75,150,3,
40,AMUL SUGAR FREE DARK CHO,8901262071048,110,125,0,
41,ANMOL YUMMY ORANGE FLAVO,8902268000421,4,5,0,
42,APSARA WAX CRAYON COLOR,8901324013900,6.5,10,98,
43,ASHIRWAD SHUDH CHAKKI AA,,179,199,-2,
44,AUTHENTIC INDIAN 70 G,8906063434375,27,30,0,
45,AXE CHOCOLATE PERFUME 15,8901030834264,200,210,2,
46,AXE DUAL ACTION TECHNOLO,8901030834295,200,230,1,
47,AXE PROVOKE 150 ML,8901030768569,190,200,2,
48,AXE SIGNATURE AFTER SAVE,8901030611186,100,130,0,
49,B NATURAL GUAVA JUICE,8901725100117,100,110,12,
50,B NATURAL LITCHI JUIC,8901725100032,55,110,7,
51,B NATURAL MIXED JUICE,8901725100025,55,110,44,
52,BAIDYANATH GULKAND,8901220615369,250,260,2,
53,BALLOONS 50 PIC MIX,,50,100,0,
54,BALOON BLOWER,,35,70,3,
55,BALOON BLOWER MANUAL COL,855660005625,30,40,4,
56,BALOON HEART AND MULTI C,,60,100,9,
57,BALOON SINGLE COLOR 50 P,,45,60,15,
58,BALOON TAPE BALOON GLUE,,10,20,25,
59,BASKET SHOPPING BASKET,,99,160,8,
60,BAULI MOONFILS ORANGE PU,8908009419408,11.25,15,5,
61,BAULI SAVORIZ 52G PP,8908009419774,13.4,20,4,
62,BAYGON MOSQUITO & FLY KI,8904271200287,147,182,4,
63,BB ROYAL BAJRA FLOUR 500,,27,0,5,
64,"BB ROYAL CORN FLOUR, STA",,37,0,6,
65,BEST FARM FROZEN GREEN P,8902901066456,75,150,5,
66,BIG BLUE 2 IN 1 SCRUB,205777000126,28,38,0,
67,BIKANO BHELPURI 200 GM,,44,50,1,
68,BIKANO KAJU MIX 200 GM,8901414000896,70,80,0,
69,BIKANO KHATTA MEETHA 250,8901414010482,44,50,0,
70,BIKANO NAMKEEM 85 GM,8901414004498,22,25,7,
71,BIKANO NAVRATTAN MIXTURE,8901414010475,44,50,0,
72,BIKANO SHAHI MIXTURE,8901414015500,20,25,0,
73,BIKANO TASTY,8901414004481,20,25,5,
74,BINGO CHIPS CREAM AND ON,8901725119973,9,10,0,
75,BINGO MAD ANGLE 72 G,,18,20,-1,
76,BINGO MAD ANGLE CHAAT MA,8901725198428,9,10,9,
77,BINGO MAD ANGLES CHEESE,8901725109844,25,50,0,
78,BIOTIQUE BIO APRICOT,8906009451565,170,180,0,
79,BISLERY CLUB SODA 750 ML,8906017290774,10,20,11,
80,BISLERY LIMONATA 160ml,8906017291245,8,10,-4,
81,BISLERY WATER BOTTLE 1 L,8906017290040,15,20,-2,
82,BLACK BOURNBON PARLE HID,8901719112485,27,30,0,
83,BLUSHING STRAWBERRY,8901030775925,69.92,99,3,
84,BORO PLUS ANTISEPTIC MOI,,28,55,12,
85,"BORO PLUS HAND WASH TEA,",8901248158084,35,85,35,
86,BOURN VITA BISCUITS 100,7622201778781,13,27,21,
87,BOURNVITA 1 KG,,315,410,0,
88,BOURNVITA 500 GM,7622201423155,193,223,0,
89,BREATH EZ N95 MASK,8106102589749,10,49,18,
90,BRITANIA BAKE SUJI TOAST,,9,10,1,
91,BRITANIA GOODDAY BUTTER,,4.5,5,12,
92,BRITANIA LITTLE HEARTS 7,8901063019027,28,22,0,
93,BRITANIA NICE TIME 150 G,8901063028166,25,23,1,
94,BRITANNIA DAHI,8901063408128,20,25,0,
95,BRITANNIA GOOD DAY 200 G,8901063094154,30,45,0,
96,BRITANNIA GOOD DAY 400 G,8901063004139,120,130,0,
97,BRITANNIA GOOD DAY BUTTE,8901063092501,71,80,0,
98,BRITANNIA MARIE GOLD 250,8901063023901,30,35,0,
99,BRITANNIA NC OATS ALMOND,8901063142268,16.67,25,1,
100,BRITANNIA NC OATS CHOCO,8901063142367,16.67,25,0,
101,BRITANNIA OATS ORANGE &,8901063142275,16.67,25,0,
102,BRITANNIA TOASTEA 273 G,8901063325371,35,40,0,
103,BRITANNIA TREAT CREME CH,8901063032323,39,45,0,
104,BRITANNIA WINKIN COW MAN,8901063146297,15,20,0,
105,BRITANNIA WINKIN COW MIL,8901063146204,23.45,35,0,
106,BROOM STICK JHADOO HOME,,65,130,10,
107,BROWN & POLSON CUSTARD P,8901030551956,30,35,1,
108,BROWN CORNFLOUR,8901030521218,77,77,1,
109,BROWN TAP LOOSE,402145764784,40,60,5,
110,BRUNO WASH 500 ML,8906051571242,160,179,159,
111,BUDWEISER,8902246004984,80,80,5,
112,CADBURY ALMOND TREAT 72G,7622201138455,95,100,1,
113,CADBURY CHOCLAIRS GOLD,7622201437893,150,200,0,
114,CADBURY DAIRY MILK CHOCO,7622201149543,5,45,1,
115,CADBURY DAIRY MILK LICKA,7622201114930,36,45,3,
116,CADBURY DAIRY MILK MAHA,,45,50,0,
117,CADBURY DAIRY MILK ROAST,7622201150150,36,45,4,
118,CADBURY DAIRY MILK SILK,8901233034201,136,160,0,
119,CADBURY DAIRY MILK SILK,7622201452704,148,175,0,
120,CADBURY DAIRY MILK SILK,7622201452889,160,175,0,
121,CADBURY DAIRY MILK WHOLE,7622300736033,319,399,6,
122,CADBURY FUSE CHOCOLATE B,7622201769529,28,35,0,
123,CADBURY FUSE FIT 20 GM,7622201499556,1,25,0,
124,CADBURY FUSE FIT 41 GM,7622201426088,40,50,183,
125,CADBURY GEMS HOME TREATS,7622201802813,66.67,100,1,
126,CADBURY GEMS SURPRISE,7622201808549,36,45,0,
127,CAKE VANILLA 500GM,,270,440,0,
128,CALORIES SUCRALOSE,8904250605768,60,75,1,
129,CASHEW 75G PACK,8902901222067,38,100,0,
130,CATCH BLACK SALT SPRINKL,8901192001207,40,45,6,
131,CATCH CHATPATA CHAT MASA,8901192204110,42,65,0,
132,CATCH CORIANDER DHANIA P,8901192104120,22,34,2,
133,CATCH GARAM MASALA,8901192216113,59,85,0,
134,CATCH HALDI POWDER 200 G,8901192107220,43,67,0,
135,CATCH HALDI POWDER 500 G,8901192107626,106,165,0,
136,CATCH TEA MASALA 50 GM,8901192201102,50,55,1,
137,Catch Turmeric Powder 20,,50,67,-1,
138,CAVINS MASALA CHAASA 200,8902979050852,10,15,11,
139,CELLO CORRECTION PEN,8907234503654,22,25,0,
140,CELLO DOT JOT,,50,60,0,
141,CELLO FINE GRIP BALL PEN,8907234001341,5,7,0,
142,CELLO GEL TECH FUN GLITT,,9,10,10,
143,CELLO PEN 5 MRP,,3.5,5,479,
144,CELLULOSE WIPES KITCHEN,,20,39,10,
145,CHE HOT GARLIC 260GM,8901595963362,40,60,3,
146,CHE MANCHURIAN,8901595963348,39,60,1,
147,CHE SCHEZWAN 260G,8901595963355,40,60,3,
148,CHEFA BASKET PENNE 500 G,,78,160,2,
149,CHEFS BASKET FUSILI,,86,160,1,
150,CHERRY BLOSSOM BLACK 75M,8901396055006,94,94,3,
151,CHERRY BLOSSOM BOOT POLI,,32,37,12,
152,CHERRY BLOSSOM DARK TAN,8901396056003,80,85,0,
153,CHINGS RED CHILLI SAUCE,8901595862740,55,55,0,
154,CHOCLAIRS GOLD ECLAIRS C,,1.36,2,44,
155,CHOCO BAR,8901030434266,14.13,20,0,
156,CHOCO5 STAR,m11003,8,10,-17,
157,CHOCOS MOONS & STARS,8901499009883,396,660,2,
158,CHOTI ELAICHI ILAICHI 10,,140,190,3,
159,CIGARETTE ZCLS DBL BURS,,303,330,0,
160,CIGARETTE BENSON & HEDGE,,303,330,1,
161,CIGARETTE BENSON & HEDGE,,15,18,6,
162,CIGARETTE CLASSIC LOOSE,,15,18,107,
163,CIGARETTE CLASSIC PACKET,,303,330,12,
164,CIGARETTE ESSE LIGHT,,125,150,2,
165,CIGARETTE ESSE LIGHT LOO,,8,10,14,
166,CIGARETTE GOLD FLAKE LAR,,17,20,-5,
167,CIGARETTE GOLD FLAKE LAR,,152,165,3,
168,CIGARETTE GOLD FLAKE SMA,,9,10,17,
169,CIGARETTE GOLD FLAKE SMA,,95,95,7,
170,CIGARETTE LIGHTER GAS SP,,60,150,1,
171,CIGARETTE LIGHTER KING N,,8,30,37,
172,CIGARETTE LIGHTER STANDA,6739225235815,5,10,21,
173,CIGARETTE MARLBORO LOOSE,,15,18,27,
174,CIGARETTE MARLBORO PACKE,,315,330,5,
175,CIGARETTE MARLBORO SMALL,,0,0,2,
176,CIGARETTE MARLBORO SMALL,,8,10,5,
177,CIGRATE CLASSIC,,0,20,-11,
178,CINTHOL,,30,30,0,
179,CINTHOL LIME SOAP 50 GM,8901023016035,8,10,2,
180,CLASSIC DOUBLE BURST,8901725120610,300,330,5,
181,CLASSIC GAME CHESS ONLY,,99,175,0,
182,CLASSIC GAMES SET LUDO T,,99,199,3,
183,CLASSMATE 10 ROUGH REGIS,,15,25,58,
184,CLEAN & CLEAR FACE WASH,8901012189320,70,80,1,
185,CLEAN HAND RUB SANITIZER,,300,590,2,
186,CLEANZO 1 LTR.,8908008172021,30,60,11,
187,CLEANZO PHENYL FLOOR CLE,,55,105,3,
188,CLEANZO PHENYL FLOOR CLE,709016033377,140,280,2,
189,CLERBY TISSUE BOX,8908016639103,80,85,31,
190,CLINI PLUS EGG WITH PROT,8901030852633,460,478,1,
191,CLINIC PLUS POUCH 1 RE,8901030779039,0.8,1,171,
192,CLOTHESLINE RASSI,10002696,70,90,1,
193,CLOTHESLINE ROPE20 M NYL,,75,99,1,
194,COCONUT COOKIES 900GM,8906078263861,160,180,-2,
195,COKE 2 L COLD DRINK,8901764012501,80,90,-3,
196,COKE 250 ML BIKAU NAHI H,8901764012914,12,20,59,
197,COKE 750 ML COLD DRINK,8901764012273,0,40,-26,
198,COKE CAN 300 ML,,9,40,0,
199,COLGATE ADVANCED HEALTH,8901314310057,80,99,3,
200,COLGATE STRONG TEETH 150,,28,56,0,
201,COLGATE TOOTH BRASH,8901314309358,40,50,0,
202,COLIN GLASS CLEANER 500M,,90,96,0,
203,COLOR NATURAL 3D 5 NO,,159,180,1,
204,COOKIES BAKERY BADAM,,50,65,2,
205,COOKIES BAKERY JAM CHOCO,,25,35,1,
206,COOKIES DRY FRUITS BAKER,,50,65,2,
207,COOKIES GUR AATA,,25,35,0,
208,COOKIES NAN KHATAI,,25,35,0,
209,CORN FLAKES 290G,8901499009135,0,0,0,
210,CORN FLAKES ORIGINAL TET,8901499008190,153,180,1,
211,COSCO SHUTTLE SINGLE SHU,,45,75,0,
212,CRANBERRY & BLUEBERRY BR,8906112662780,200,295,2,
213,CRAX BOWLS,8908016029270,16.75,25,2,
214,CREMICA BOURNBON,8906001384151,8,10,1,
215,CREMICA COCONUT COOKIES,,50,60,1,
216,CREMICA GOLDEN BITES BUT,8906001380511,27,37,0,
217,CREMICA JEERA LITE 40GM,,4.5,5,0,
218,CREMICA MAGIC CREAM 29 G,8906001380207,4.5,5,1,
219,CREMICA NON STOP PATATO,8906078264646,13.33,20,3,
220,CREMICA NON STOP POTATO,8906078264653,13.33,20,3,
221,CREMICA TOMATO KETCHUP 9,8904234100289,100,130,2,
222,CREMICA TOMATO KETCHUP 9,8904234103389,100,125,6,
223,CRUNCHILICIOUS BUTTERSCO,8901030735110,112.5,0,2,
224,CRUSHED ROCK SALT 200GM,8908013998043,17,20,-3,
225,CYCLE BRAND ALL IN ONE A,8901751003109,109,179,0,
226,CYCLE DURGESHWARI DHOOP,8901751006278,20,24,0,
227,DAIRY MILK,8901233034690,99,149,2,
228,DALCHINI 50 GM,,15,70,4,
229,DASANI WATER BOTTLE 1 LT,8901764082030,12,20,3,
230,DECORATION CURTAIN GOLDE,,22,40,20,
231,DECORATION CURTAIN RED C,,22,40,20,
232,DECORATION LACE RIBBON Y,,25,40,5,
233,DELIWRAP FOIL COMBO,8906074140128,115,225,11,
234,DELMONTE KETCHUP SAUCE P,,0.77,1,92,
235,DELMONTE SPIRALI PASTA 5,8901246003553,180,190,1,
236,DELMONTE SWEET & CHILLI,,50,55,0,
237,DELMONTE TANDOORI MAYO 8,,32,35,0,
238,DELMONTE TOMATO KETCHUP,8901246003133,90,100,1,
239,DENVER HAMILTON DEO 1,,105,210,0,
240,DETOL SOAP MINTHOL BLUE,8901396399308,45,50,5,
241,DETTOL 300 GM,8901396396130,100,120,0,
242,DETTOL HYGIENE BODY WASH,8901396368151,190,200,1,
243,DETTOL JASMINE FRAGRANCE,8901396396536,100,120,-1,
244,DEVNER SPRAY,8901450001246,210,210,0,
245,DG BREGANO 850 GM,8906114820218,130,150,0,
246,DIAMOND,,0,0,0,
247,DIAMOND CREAM AND ONION,8906004561511,8,10,-3,
248,DISANO SPAGHETTI 500GM,8906047520254,99,198,3,
249,DISPO,,0,0,-1,
250,DOMEX KILL ALL GERMS 5OO,8901030710681,59,99,3,
251,DOMS Y1 PENSIL BOX 10 PC,8906073770463,35,40,7,
252,DORITES 56G,8901491001106,20,30,5,
253,DORITOS SWEET CHILLI FLA,8901491990226,9,10,1,
254,DORITOS SWEET CHILLI FLA,8901491001083,20,30,6,
255,DOVE 2 STEP SHAMPOO COMB,8901030865527,4,5,98,
256,DOVE DAILY SHINE CONDTIN,8901030707728,180,190,4,
257,DOVE DAILY SHINE FOR DUL,8901030707995,260,280,1,
258,DOVE DEEP NOURISH BODY W,8901030764219,110,115,-1,
259,DOVE DRYNESS CARE CONDIT,8901030707735,180,190,0,
260,DOVE GO FRESH BLUE BODYW,8901030709036,100,115,1,
261,DOVE MOISTURISING CREAM,8901030820656,190,200,3,
262,DOVE PINK,8901030824982,80,99,2,
263,DOVE SHAMPOO 60 MRP 75 M,,30,60,0,
264,DOVE SHAMPOO AND CONDITI,,4,5,52,
265,DOVE SHAMPOO POUCH DAILY,,1.4,2,64,
266,DRAIMAX DRAIN CLEANER,,14,20,12,
267,DUKES BUZZ BISCUIT,8901972069762,4,5,1,
268,DUKES CHOCO ECLAIRS 100G,8901972073820,40,80,8,
269,DUKES CREAM 4 FUN 150 GM,8901972062947,19,30,1,
270,DUKES CREAM 4 FUN ELAICH,,9,10,1,
271,DUKES CREME 4 FUN 150G O,8901972060172,19,30,1,
272,DUKES CREME 4 FUN CHOCOL,8901972062930,19,30,0,
273,E FOLDER TRANSPARENT POL,,1,2,100,
274,EGG TRAY,,153,180,1,
275,ELINA RICE 1 KG,,53,125,1,
276,EMAMI FAIR AND HANDSOME,8901248295048,85,170,3,
277,EMAMI KESH KING 80 ML,8901248240260,50,55,2,
278,EMAMI KESH KING OIL,8901248297110,160,160,0,
279,EMAMI VASOCARE,8901248275033,75,75,2,
280,ENGAGE MAN COLOGNE SPRAY,8901725952204,137.5,275,2,
281,ENO 100G,8901571001064,100,120,0,
282,ENVY BLISS WOMEN,8901450010170,170,185,0,
283,ENVY DARK,8901450002410,180,199,1,
284,ENVY KISS WOMEN,8901450002601,180,199,0,
285,ENVY RUSH,8901450002434,180,199,2,
286,EVA FRESH PERFUMED TALC,8902618000156,195,195,1,
287,EVA PERFUME 125 ML,8902618001061,100,140,2,
288,EVA SWEET,8902618000088,130,140,0,
289,EVEREADY ULTIMA SILVER A,,18,35,8,
290,EVEREST HINGRAJ POWDER,,140,175,9,
291,EVERYUTH GOLDEN GLOW PEE,8901548147207,120,125,1,
292,EXAM BOARD EXAM PAD,853817007256,50,80,13,
293,EXAM BOARD EXAM PAD TRAN,,50,80,0,
294,EXO TOUCH AND SHINE,8902102161684,125,138,5,
295,Face mask,,0,5,-16,
296,FAIR & LOVELY 15 GM,,10,20,0,
297,FAIR & LOVELY 50G,8901030821394,60,65,2,
298,FAIR & LOVELY MENS GLOW,8901030829055,65,78,1,
299,FAIR & LOVELY WINTER GLO,8901030822445,40,60,1,
300,FAIR AND HANDSOME,8901248253505,80,80,-1,
301,FANTA 2 L COLD DRINK,,0,90,27,
302,FANTA 750ML,8901764022272,32,40,69,
303,FEAST CHOCOLATE HARDCORN,8901030434273,25,30,-19,
304,FEATHER'S KITCHEN TOWEL,,90,175,5,
305,FENA POWDER 500 GM,,28,32,1,
306,FEVICRYL FABRIC GLUE 80,8901860520207,32,35,10,
307,FILE FOLDER CLOTH NET,36000368840,50,70,4,
308,FILE FOLDER COBRA HANDS,,9,20,12,
309,FILE FOLDER GREEN PLASTI,,0,0,12,
310,FILE FOLDER LEATHER,36000367089,150,160,7,
311,FILE FOLDER WITH TICH BU,,8,15,18,
312,FILE FOLDER WITH TICH BU,,15,20,16,
313,FINE TOUCH MARLBORO PAC,,95,120,5,
314,FIPE FOLDER AKSHAT GOLD,,0,0,20,
315,FL BLACK SALT 200 GM,,19,35,2,
316,FOGG DELICIOUS,8908001158336,170,185,-1,
317,FOGG FRESH AQUA 120 ML,8908001158541,120,230,3,
318,FOGG IMPERIAL,8908001158480,170,185,0,
319,FOGG MAJESTIC,8908001158497,170,185,0,
320,FOGG MASTER 120 ML,8904238301392,200,225,0,
321,FOGG ROYAL FRAGRANCE SPR,8908001158312,180,199,0,
322,FOOCHKA,8908009082152,50,60,4,
323,FORTUNE CHAKKI FRESH ATT,,306,375,0,
324,FORTUNE CHAKKI FRESH ATT,,167,195,0,
325,FORTUNE KACHCHI GHANI MU,8906007280969,173,227,0,
326,FRESCA APPLE JUICE 1LTR,,40,120,72,
327,FRESCA APPLE JUICE 200ML,8906070590309,7.5,15,35,
328,FRESCA MANGO DRINK 1 L,8906070590095,40,90,-3,
329,FRESCA MANGO DRINK 200 M,8906070590286,10,20,152,
330,FRESCA TROPICAL MIX DRIN,,40,90,6,
331,FRESH ONE FACIAL TISSUES,8901435011963,45,90,4,
332,FRESHOMZ CITURS GROOVE 1,8904132912434,35,70,4,
333,FRESHOMZ MAGICAL HAZE AI,8904132912441,35,70,4,
334,FRESHOMZ TWILIGHT GARDEN,8904132912458,35,70,4,
335,FRU BON CHOCO CHIP COOKI,8904273630013,45,90,3,
336,FUNFOOD MAYONNAISE ORIGI,8906002006496,20,39,0,
337,FUNFOODS VEG MAYONNAISE,8906002004430,30,39,2,
338,G M POHA KHATTA MEETHA,8906122500812,38,76,0,
339,GAIA CRUNCHY MUESLI NUTT,8908000097933,550,575,0,
340,GALA WIPER WITH STICK,,99,100,1,
341,GARNIER COLOUR NATURAL 3,8901526206377,70,80,0,
342,GARNIER FACE WASH,8901526204274,100,149,1,
343,GET REAL ALOE + GLYCERIN,8904132918320,74,149,3,
344,GET REAL GLYCERIN SHOWER,8904132918313,74,149,4,
345,GHADI DETERGENT POWDER 1,8901331004168,53,61,1,
346,GHADI DETERGENT POWDER 5,8901331004267,28,31,0,
347,GHADI DETERGENT SHOP,8901331000207,4.5,5,0,
348,GILLETTE VECTOR +,4902430927192,100,120,0,
349,GILLETTE FOAM REGULAR,,80,85,0,
350,GILLETTE FOAM REGULAR 50,4902430722193,50,85,1,
351,GILLETTE FUSION,4902430922388,530,550,1,
352,GILLETTE FUSION PURE & S,4902430681032,350,375,1,
353,GILLETTE GUARD RAZOR,4987176041081,20,24,1,
354,GILLETTE GUARD SHAVE FOA,4987176079299,100,120,1,
355,GILLETTE GUARD SHAVING C,4902430297318,40,49,2,
356,GILLETTE MACH 3,4987176028563,75,85,0,
357,GILLETTE MACH 3 BLADES,4987176094070,230,249,0,
358,GILLETTE MACH3 SMOOTH SH,4902430658416,250,280,1,
359,GILLETTE PRESTO,4902430839754,10,20,1,
360,GILLETTE REGULAR SHAVING,4987176029980,70,75,1,
361,GILLETTE SERIES SHAVE FO,4902430673198,250,285,7,
362,GILLETTE VECTOR +,4902430927215,150,165,-1,
363,GILLETTE VENUS,4987176029775,200,249,0,
364,GLITTER BOTTLE WHITE CAP,,40,100,4,
365,GLITTER TUBE BOTTLE STAR,,3,5,23,
366,GLUE GUN STICK BIG,,3.5,10,100,
367,GLUE GUN STICK SMALL,,3,10,100,
368,GM BEDAMI PURI ATTA,8908004643013,84,56,0,
369,GODRAJ EXPERT CREME HAIR,8901023014581,99,99,1,
370,GODREJ AER POWER POCKET,,45,55,0,
371,GODREJ ARE POWER POCKET,8901023025181,45,60,1,
372,GODREJ EXPERT NEW,8901023019876,33,33,10,
373,GODREJ PROCLEAN 1 LTR.,8901023023613,100,172,4,
374,GODREJ PROCLEAN 500ML,8901023023606,45,91,16,
375,GOLD FLACK,8901725176518,90,95,0,
376,GOLDEN PARAGUAY AJINOMOT,,85,100,10,
377,GOOD HOME AIR FRESHENER,,0,65,-1,
378,GOOD HOME BROOM STICK,8902901011616,120,130,6,
379,GOOD HOME ROOMFRESHENER,8902618008985,130,149,0,
380,GOOD KNIGHT FABRIC ROLL,8901023016790,60,75,0,
381,GOOD KNIGHT GOLD FLASH,8901023019715,80,89,0,
382,GOOD KNIGHT NATURAL NEEM,8901023018299,10,15,1,
383,GOOD LIFE FINE MUSTARD 1,8902901222838,16,32,4,
384,GOOD LIFE JEERA 1 KG PP,8902901222760,269,299,1,
385,GOOD LIFE JEERA 100G,8902901222470,0,68,0,
386,GOOD LIFE SOYA CHUNKS,8902901232363,60,75,1,
387,GOOREJ FRESH GLOW SOAP,8901023011368,80,99,0,
388,GOOREJ SHIKAKAI 75 G,8901023005398,17,20,-1,
389,GRAPH COPY,4498961498503,15,20,24,
390,HADIRAM KHATTA MEETHA 22,,40,44,1,
391,HAIR AND CARE TRIPLE BLE,8901088193870,48,60,5,
392,HAIR CARE TRIPLE BLEND 5,89009482,26,32,5,
393,HAJMOLA 120 MG BOTTLE,8901207900839,39,49,2,
394,HALDIRAM ALOO BHUJIA,8904063240057,8,10,-1,
395,HALDIRAM ALOO BHUJIA 220,,42,46,1,
396,HALDIRAM BHUJIA 200 GM,8904063200051,44,50,0,
397,HALDIRAM BOONDI 42G,8904063240088,8,10,0,
398,HALDIRAM CHATAPATA MIXTU,8904063214478,25,30,0,
399,HALDIRAM CHATPATA MIXTUR,,27,30,2,
400,HALDIRAM DAL,,0,10,0,
401,HALDIRAM DIET MIXTURE,,27,30,6,
402,HALDIRAM FATAFAT BHEL,,8,10,-7,
403,HALDIRAM GUP SHUP PEANUT,8904063258779,9,10,-3,
404,HALDIRAM KAJU MIXTURE,,72,80,0,
405,HALDIRAM KAJU MIXTURE 25,8904063240095,9,10,4,
406,HALDIRAM KHATTA MEETHA,8904063240033,9.5,10,9,
407,HALDIRAM KHATTA MEETHA 2,8904063214355,40,44,0,
408,HALDIRAM KHUS SYRUP GREE,8904063270023,0,0,2,
409,HALDIRAM LITE CHIWDA 150,8904063252517,27,30,-3,
410,HALDIRAM LITE MIXTURE 15,8904063255280,25,30,1,
411,HALDIRAM LITE MIXTURE 50,8904063257581,8,10,0,
412,HALDIRAM MEXILLA 80 GM,,22,25,0,
413,HALDIRAM MOONG DAAL,,8,10,-2,
414,HALDIRAM NAMKEEN ANY PIC,,8,10,-26,
415,HALDIRAM NAVRATTAN 200 G,8904063214348,39,44,0,
416,HALDIRAM NAVRATTAN NAMKE,8904063240026,8,10,-3,
417,HALDIRAM NUT CRACKER,,0,10,-2,
418,HALDIRAM NUT CRACKER 220,8904063214379,43,48,-2,
419,HALDIRAM PANCHRATATAN 20,8904063200044,79,90,0,
420,HALDIRAM PANCHRATATAN 22,8904063259134,9,10,0,
421,HALDIRAM PEANUT GUPSHUP,,8,10,8,
422,HALDIRAM PUDINA CHIPS,,22,25,0,
423,HALDIRAM PUNJABI TADKA,8904063253804,8,10,-1,
424,HALDIRAM ROASTED CHANA H,8904063253415,8,10,-4,
425,HALDIRAM ROASTED CRUSHED,8904063210685,0,10,-9,
426,HALDIRAM SALTED PEANUTS,,43,48,3,
427,HALDIRAMS PEANUTS,8904063253842,45,48,-1,
428,HAMDARD NATURAL BLOSSOM,8901453000765,70,199,3,
429,HAMDARD SAFI 200ML,8901453040822,90,100,0,
430,HAND IN HAND GERM KILL S,8901450013676,140,149,3,
431,HANSAPLAST BANDAID WATER,,2,2,2,
432,HAPPY BIRTHDAY BALLOON 1,,60,100,60,
433,HAPPY BIRTHDAY GOLDEN 13,,0,0,10,
434,HAPPY BIRTHDAY THEME SET,,220,400,6,
435,HAPPY BIRTHDAY THEME SET,,0,0,6,
436,HAPPY NEW YEAR 14 PC FOI,,0,0,4,
437,HAPPY NEW YEAR THEME SET,,250,450,7,
438,HARI DARSHAN DELUX DHOOP,8901684602875,8,15,27,
439,HARPIC 200ML,8901396152002,33,38,0,
440,HARPIC 500ML,8904132919563,75,89,1,
441,HARPIC WHITE & SHINE BLE,8901396153009,45,89,1,
442,HARVEST GOLD BROWN BREAD,8906020460652,36,40,-11,
443,HARVEST GOLD FRUIT BREAD,8906020460331,13.5,15,9,
444,HARVEST GOLD MULTIGRAIN,8906020460300,58,60,1,
445,HARVEST GOLD PAO PACK,,16.5,35,-1,
446,HARVEST GOLD SWEET BUNS,8906020460164,16.5,18,-7,
447,HARVEST GOLD WHITE BREAD,8906020460911,1,10,-6,
448,HARVEST GOLD WHITE BREAD,8906020460027,23,25,-15,
449,HARVEST GOLD WHITE BREAD,8906020460010,41,50,-3,
450,HARVEYS FLAVOR LIQUID,,30,59,61,
451,HAYWARDS WATER BOTTLE 25,,4,8,1,
452,HEAD &,,0,0,0,
453,HEAD & SHOULDER 72ML,,65,68,0,
454,HEAD & SHOULDER SMOOTH &,4902430908078,180,195,3,
455,HEAD AN SHOULDERS COOL A,4902430773829,270,285,3,
456,HEAD AND SHOLDER 2 IN 1,4902430871457,350,365,1,
457,HEAD AND SHOULDER BASIC,,1.4,2,187,
458,HEAD AND SHOULDER SHAMPO,4902430729291,1.5,2,95,
459,HEAD AND SHOULDERS COOL,4987176073099,280,285,3,
460,HEAD AND SHOULDERS FOR G,4902430773843,270,285,1,
461,HEM MADHUR AGARBATTI,,35,70,4,
462,HERSHEYS CHOCOLATE SYRUP,,85,90,0,
463,HERSHEYS COCOA 225 GM,8901071211161,251,270,1,
464,HERSHEYS CREAMY MILK 40,6942836717957,30,55,0,
465,HERSHEYS EXOTIC DARK BLU,8901071702195,130,150,0,
466,HERSHEYS EXOTIC DARK CAL,8901071702935,52,60,0,
467,HERSHEYS EXOTIC DARK CAL,8901071702898,52,60,1,
468,HERSHEYS KISSES COOKIES,8901071701952,43,50,1,
469,HERSHEYS KISSES COOKIES,8901071701976,121,140,10,
470,HERSHEY'S KISSES COOKIES,8901071701983,140,140,6,
471,HERSHEY'S KISSES MILK CH,8901071701969,140,140,2,
472,HERSHEYS KISSES MILK CHO,8901071701938,50,50,8,
473,HERSHEYS STRAWBERRY SYRU,8901071731126,90,90,1,
474,HERSHY'S KISSES ALMONDS,8901071701945,50,50,10,
475,HH_P_ROPE,8904254107268,90,99,2,
476,HIGHLIGHTS BRILLINTLY,8901180548059,80,100,1,
477,HIGHLIGHTS BRILLINTLY LO,,16,20,3,
478,HIMALAYA BABY CARE GIFT,,395,525,1,
479,HIMALAYA COMPLETE CARE T,8901138836092,50,50,1,
480,HIMANI PAIN RELIEF OINTM,8901248114233,50,60,0,
481,HINGOLI,8906037913011,4,5,10,
482,HOMEONE MARVL PLASTC BSK,8904132923522,99,0,2,
483,HOOTS PAAN CANDY,,50,75,2,
484,HORLICKS CLASSIC MALT 50,8901030807176,215,245,0,
485,HOT MELT GLUE GUN SMALL,853817007232,50,150,1,
486,ICE CUBE,,30,60,54,
487,ID CREAMY THICK CURD,8906020589278,29,35,0,
488,INDIYUM BLACK PEPPER PEA,8906126500016,40,80,6,
489,INDIYUM CLASSIC SALTED P,8906126500023,49.5,80,10,
490,INDIYUM MASALA CHICKPEAS,8906126500238,40,80,2,
491,INDIYUM RED PEANUTS TEAL,8906126500078,40,70,9,
492,ITC CLASSMATE GEOMETRY I,8903183100012,99,110,2,
493,ITC CLASSMATE WAX CRAYON,8903183500010,9,10,6,
494,ITC MASTER CHEF VEGGIE P,8906065169695,113,170,2,
495,ITC MASTER CHICKEN SEEKH,,0,325,0,
496,IVORY SCISSOR,6933659872770,40,45,9,
497,JAIRAJ'S FOOD MAIDA 1 KG,8902901001730,40,80,12,
498,JAY DURGA KAPOOR LADI 20,,20,50,5,
499,JOHNSON BABY CARE GIFT S,8901138513207,482,625,1,
500,JOHNSON BABY CREAM 30 GM,8901012116807,45,55,1,
501,JOHNSON BABY POWDER 100,8901012116562,66,83,0,
502,JOHNSON COTTON TOUCH NEW,8901012118313,83,105,1,
503,JOHNSONS BABY TOP TO TOE,8901012116876,50,55,1,
504,JOY FAIRNESS LTN SPF20,8904035417913,39.5,49.5,12,
505,JYOTI KALAWA MOLI,,3,10,50,
506,JYOTI ROLI KUMKUM,,4.5,5,6,
507,KAIXING LOCK,,0,20,0,
508,KAIXING LOCK 20 MM 361,,16,50,8,
509,KALA KHATTA,,10,20,10,
510,KANGARO STAPLES 24/6-1 M,,35,39,2,
511,KANTHAMRIT CHEWABLE TABL,,35,40,0,
512,KASHMIRI DEGI MIRCH 100,,50,82,-1,
513,KEO KARPIN NON STICK HAI,8906014201209,42,48,8,
514,KESARI SAFFRON,,50,129,2,
515,KESH KANTI HAIR CONDITIO,8904109450723,50,60,3,
516,KESH KANTI HERBAL MEHNDI,8904109411205,30,35,5,
517,KEY CHAIN RING LUVI,6937787508013,15,30,12,
518,KEYA ITALIANO CHIFFRI RI,,140,140,4,
519,KEYA PENNE RIGATE PASTA,8906066202254,160,175,6,
520,KHADI ALOEVERA SOAP,8904270709149,35,70,8,
521,KHAJOOR 250 GM,,45,45,0,
522,KHILADI SHUTTLE 10 PC,,14,28,10,
523,KINGFISHER 500 ML WATER,,185,240,0,
524,KINLEY WATER 2 L,,21,30,33,
525,KINLEY WATER 500ML,89000724,0,10,0,
526,KISSAN FRESH TOMATO KETC,8901030699085,100,140,0,
527,KISSAN SWEET SPICY SAUCE,8901030660344,150,160,1,
528,KITKAT 27.5 GM,,15,20,0,
529,KIW BOOT POLISH,8906006432406,70,85,0,
530,KIWI BOOT POLISH 40 GM D,,31,63,5,
531,KNORR CHINESE CHILLIE 51,,38,50,3,
532,KNORR HOT AND SOUR VEG,8901030824739,46,55,3,
533,KNORR TOMATO SOUP 14 GM,8901030757501,8,10,14,
534,KORES CARBON PAPER 10 PC,,1.75,50,8,
535,KORES CARBON PAPER 100 P,,175,230,1,
536,KORES CARBON PAPER SINGL,853817007461,1.7,10,18,
537,KS SPARK DEODORANT SPRAY,8901216812260,299,299,3,
538,KURKURE CHILLI CHATKA 47,8901491363020,9,10,0,
539,KURKURE MASALA MUNCH 128,,26,30,2,
540,KURKURE MASALA MUNCH 45,8901491361026,9,10,5,
541,KURKURE PUFFCORN 28GM,8901491365703,9,10,0,
542,KURKURE SOLID MASTI,8901491380010,9,10,2,
543,KW CD CHOCOLATE 700ML,8901030776021,91.81,130,0,
544,KW ORANGE MAHABAR,8901030821998,7.06,10,0,
545,KW PARTY PACK OF BUTTERS,8901030777172,109,135,1,
546,KW PARTY PACK OF MANGO 7,8901030776762,109,135,4,
547,KW PARTY PACK OF TUITY F,8901030776014,109,140,2,
548,KW VANILLA CUP,8901030546563,7.06,10,0,
549,KWALITY COMBI PACK,8906014903547,30,60,3,
550,KWALITY WALLS CADBURY CR,8901030846304,239,349,2,
551,KWALITY WALLS CHOCOBAR M,8901030590399,9,10,-46,
552,LACE RIBBON DOUBE BELL B,,20,25,8,
553,LACE RIBBON DOUBE BELL B,,100,100,10,
554,LACE RIBBON DOUBE BELL S,,25,40,6,
555,LACE RIBBON DOUBE DAFFOD,,15,20,5,
556,LACE RIBBON POLKA DOTTED,,12,20,5,
557,LAHORI SALT POWDER,,17,20,0,
558,LAKME FACE WASH STRAWBER,8901030732874,100,110,0,
559,LAKME PEACH MILK,8901030648465,89,99,0,
560,LAKME SUN EXPERT ULTRAMA,8901030764837,290,299,1,
561,LAUNG LONG 100 GM,,81,120,5,
562,LAUNG LONG 50 GM,,42,80,7,
563,LAYS AMERICAN CREAM AND,8901491001076,27,30,0,
564,LAYS CHILE LIMON,8901491981538,9,10,-2,
565,LAYS CHIPS CRISPZ 25 GM,8901491982870,9,10,-9,
566,LAYS CLASSIC SALTED,8901491503013,9,10,0,
567,LAYS CREAM AND ONION 190,,74,85,3,
568,LAYS HOT & CHILLIE CHIPS,8901491503051,9,10,2,
569,LAYS INDIAN MAGIC 28 GM,8901491503020,9,10,-2,
570,LAYS INDIAN MAGIC MASALA,8901491001069,27,30,0,
571,LAYS INDIAS MAGIC MASALA,8901491001137,80,85,-3,
572,LAYS MAGIC MASALA 27 GM,,9,10,8,
573,LAYS MAXX MACHO CHILLI 5,8901491001151,20,30,1,
574,LAYS MAXX MACHO CHILLI 6,8901491001144,20,30,-14,
575,LAYS TOMATO TANGO,8901491503044,9,10,1,
576,LEEFORD GREEN TEA,8904250601951,180,195,1,
577,LEMON LIME FAIRNESS FACI,8809311914233,90,99,5,
578,LIA AGARBATTI CONES,8901751008661,10,15,14,
579,LIFAFA,,0,30,24,
580,LIFEBUOY HAND WASH 500ML,8901030813184,0,0,5,
581,LIFEBUOY HAND WASH BUY 1,8901030776205,180,189,0,
582,LIFREE EXTRA ABSORB PANT,8903622000040,450,490,10,
583,LIJJAT PAPAD 200 GM,8901441017010,68,76,2,
584,LIMCA 2 L,8901764052408,70,90,0,
585,LIMCA 750 ML COLD DRINK,8901764052279,35,40,10,
586,LINC GEL PEN LOOSE,,12,15,7,
587,LINC GEL PEN POUCH,8904106834700,50,60,1,
588,LIRIL LIME & TEA TREE OI,8901030844751,37.5,70,6,
589,LIVON 100ML SERUM,8901088200066,190,250,6,
590,LIVON SERUM 20 ML,8901088062374,48,60,0,
591,LOOFAH DOVE,,65,65,3,
592,LOREAL PARIS COLOURPROTE,8901526102518,60,69,1,
593,LOREAL PARIS EXTRAORDINA,8901526513338,80,99,2,
594,LOREAL PARIS EXTRORDINAR,8901526513321,180,199,3,
595,LOREAL PARIS FALL RESIST,8901526102358,180,199,1,
596,LOREAL PARIS NOURISHING,8901526103447,50,65,2,
597,LOREAL PARISH EXTRAODINA,8901526513390,60,69,1,
598,LOTTE CHOCO PIE,8901123005960,80,90,1,
599,LOTTE CHOCO PIE LOOSE,,15,20,3,
600,LOTTO CHOCO PIE LOOSE,,17,20,3,
601,LUVLT LUSCIOUS LOVE DELI,8906079012253,200,220,5,
602,LUX FRRESH SPLASH 150 GM,,50,60,2,
603,LUX SOAP FRESH SPLASH 15,8901030837180,150,154,0,
604,LUX SOAP JASMINE AND VIT,8901030858451,120,125,0,
605,LUX SOFT GLOW BATHING SO,8901030836725,125,165,2,
606,LUX VALVET GLOW 150 GM P,8901030753060,135,154,0,
607,LVY GRIP TAPE,,170,200,1,
608,MAAZA 1.2 L,8901764092305,49,70,21,
609,MAAZA 1.75 LTR.,8901764092152,84,95,11,
610,MAGGI 2 MINUTE NOODLES 1,8901058851304,20,24,0,
611,MAGGI HOT & SWEET TOMATO,8901058101614,150,165,3,
612,MAGGI HOT & SWEET TOMATO,8901058117783,100,115,1,
613,MAGGI PAZZTA CHEES MACAR,8901058867985,36,54,3,
614,MAGGIE AATA NOODLE 72.5,8901058866698,21,24,1,
615,MAGGIE AATA NOODLE MASAL,8901058866711,89,94,0,
616,MAGGIE FUSION SWEET CHIL,8901058873146,18,20,0,
617,MAGGIE MASALA 280 GM,8901725119553,45,48,0,
618,MAGGIE MASALA NOODLE 420,,63,72,0,
619,MAGGIE MASALA NOODLE 560,,84,96,9,
620,MAGGIE MASALA NOODLE 70,8901058851298,11,12,0,
621,MAHARAJA GOPI CHANDAN 30,,15,30,10,
622,MALKA LAL,,100,120,5,
623,MAMY POCO EXTRA CLEAN WI,8903622001450,160,185,1,
624,MAMY POCO PANTS L 9 TO 1,,10,12,11,
625,MAMY POCO PANTS M 7 PANT,8903622000859,90,99,0,
626,MAMY POCO PANTS NB1 28 P,,150,300,5,
627,MAMY POCO PANTS S 2 PANT,8903622001160,17,20,1,
628,MAMYPOKO PANTS S 42 PANT,8903622037145,450,499,3,
629,MANGAL DEEP AGARBATTI 10,,35,70,10,
630,MANY POKO PANTS NB 28 PA,8903622000767,250,299,2,
631,MARG0 NEEM LEAVES,,20,20,-1,
632,MARGO ORIGINAL NEEM 300G,8902102230854,80,85,0,
633,MASALA SOYA KATORI 100GM,8906063434351,36,40,-1,
634,MASK OPEN BLUE 3 PLY,,1.5,10,49,
635,MASTERCOOK CONTINER SET,,45,90,0,
636,MAX KLEEN 500 ML,8901399435522,78,98,1,
637,MAX KLEEN 975 ML,8901399435560,100,188,1,
638,MAX KLEEN DISINFECTANT F,8901399435027,49,98,2,
639,MAX KLEEN DISINFECTANT F,8901399435065,100,188,2,
640,MCCAIN ALOO TIKKI,8906000610336,92,102,2,
641,MCCAIN CHILLI CHEESY NUG,8906000611760,90,110,0,
642,MCCAIN CHILLI GARLIC POT,8906000610084,105,115,0,
643,MCCAIN FRENCH FRIES 200,8906000610633,15,49,3,
644,MCCAIN SMILES 750 GM,8906000610701,179,199,2,
645,MCCOIN SMILES,8906000610077,95,115,2,
646,MCVITIE OATS COOKIES 70,8906033743230,16,35,4,
647,MCVITIES 5 GRAIN,8906033742523,22,30,25,
648,MCVITIES CHEESE CRACKER,8906033742530,19,30,3,
649,MCVITIES DIGESTIVE FIBER,8906033740758,20,25,-3,
650,MCVITIES DIGESTIVE FIBER,8906033740390,32,40,2,
651,MCVITIES HOBNOBS OAT BIS,,35,70,12,
652,MCVITIES MARIE PACK 300G,8906033740154,15,30,5,
653,MDH DEGGI MIRCH 100GM,8902167000034,60.68,82,2,
654,MDH HING 10 GM,,67,87,8,
655,MDH PEACOCK KASOORI METH,8902167000164,19,25,7,
656,MDH SUPER HING,8902167004940,77,87,-6,
657,MENGLOW SKINCARE EXPERT,8904250610397,90,100,4,
658,METEO CHEF FUSSILI,,97,175,3,
659,MIRINDA 1.5 LTR,8902080204076,50,80,4,
660,MIRINDA 2.25 Ltr,,72,95,5,
661,MIX DAL 1 KG,36000425871,93,115,5,
662,MIX FRUIT FALOODA MIX,8906122500805,49,98,4,
663,MK SAUNTH POWDER DRY GIN,8906029821058,50,72,9,
664,MOMS MAGIC BUTTER,,27,30,2,
665,MOMS MAGIC CASHEW ALMOND,8901725113384,8,10,67,
666,MOMS MAGIC CASHEW ALMOND,8901725104627,15.83,20,16,
667,MOONG SABUT DAL 1 KG,,87,140,5,
668,MOPZ AQUA FRESH 500ML,8904132919778,50,99,2,
669,MOPZ FRESH LIME,,49,99,5,
670,MORTEIN POWER BOOSTER MO,8901396506003,22,30,3,
671,MORTIN COIL GREEN,8901396503002,20,28,12,
672,MOTHERS MANGO PICKLE 200,8906001050643,30,54,2,
673,MOTHERS MIXED PICKLE,8906001050704,30,54,2,
674,MOTHERS RECIPE PICKEL 95,,150,160,2,
675,MOUNTAIN DEW,890208036502,25,30,3,
676,MOUNTAIN DEW 1.5,8902080364077,50,80,5,
677,MOUNTAIN DEW 250 ML,,25,30,14,
678,MTR KHATTA MEETHA POHA,8901042967349,12.5,25,6,
679,MTR MASALA UPMA,8901042962597,40,70,0,
680,MTR SAMBAR MASALA,8901042954714,90,110,1,
681,MTR UPMA 500 GM,8901042968223,100,105,0,
682,MTR VERMICLLI,8901042970059,50,55,-1,
683,MUNCH NUTS,8901058875744,15,20,1,
684,NARMADA DRY MANGO POWDER,,39,55,10,
685,NARPA DRY MANGO POWDER A,8906091170160,38,55,9,
686,NATARAJ BLACK GEL PEN,8901324013160,4.5,5,0,
687,NATARAJ PEN PACKET,,0,25,-1,
688,NATARAJ PENCILS,8901324023138,30,40,5,
689,NATRAJ GEL PEN,8901324020823,4.5,5,10,
690,NATRAJ GLOW CLASSIC MIST,,3.5,5,200,
691,NATRAJ PEN 5 MRP,8901324013559,3.33,5,479,
692,NATRAJ SNAPPY BALL PEN,8901324013542,4.5,5,0,
693,NATRAL PLASTO ERASER,,0.9,1,18,
694,NAVYCUT LOOSE,,9,10,0,
695,NESCAFE ALL IN 1,89005750,8,10,0,
696,NESCAFE COFFEE CLASSIC P,8901058893267,40,45,0,
697,NESCAFE COFFEE JAR 25 GM,89006733,72,78,-1,
698,NESCAFE GLASS PACK OF 10,36000366402,100,110,3,
699,NESCAFE GOLD BLIND,8901058867015,270,290,7,
700,NESCAFE ORIGINAL 200 GM,,450,530,5,
701,NESTLE BAR ONE,8901058896701,9,10,1,
702,NESTLE EVERY DAY DAIRY W,8901058869453,8,10,-6,
703,NESTLE KIT KAT 3 FINGER,8901058144345,17,20,17,
704,NESTLE KITKAT DESSERT LI,8901058868647,135,160,5,
705,NESTLE LACTOGEN 500G,8901058856507,365,365,2,
706,NESTLE MAHA MUNCH 25,8901058869002,9,10,-3,
707,NILON GINGER GARLIC 200,8901560270242,25,50,1,
708,NILONS INSTANT MIX GULAB,8901560120257,100,120,1,
709,NILONS LEMON PICKLE 500G,8901560140521,150,200,2,
710,NILONS MIXED PICKLE 500G,8901560140545,100,120,4,
711,NILONS RAJASTHANI GREEN,8901560010336,50,65,3,
712,NILONS RAJASTHANI MANGO,8901560010510,100,125,2,
713,NILONS RAJASTHANI MIXED,8901560010541,100,125,2,
714,NILONS SEWAIYAN 90 GM,8901560101218,12,15,3,
715,NILONS VINEGAR,8901560722390,55,60,1,
716,NINE NTURALLY SOFT 6 PA,8908010780610,60,75,14,
717,NINE EXTRA LONG 18 PADS,8908010780306,90,100,3,
718,NINE SOFT & COTTONY 18 P,8908010780313,90,100,3,
719,NINE ULTRA THIN XL+6 PAD,8908010780627,40,75,19,
720,NIPON RAJASTHANI MIX PIC,8901560010343,60,65,5,
721,NIPPLE 115 ML,,40,45,5,
722,NIPPLE 225 ML,,45,50,4,
723,NIPPO LED BULB 9 W,8901559104503,120,160,0,
724,NISSIN CUP NOODLES TANGY,8901014012312,40,50,0,
725,NISSIN CUP NOODLES VEGIE,8901014004836,40,50,0,
726,NISSIN TOP RAMEN MASALA,8901014002054,48,72,4,
727,NIVEA DEDORANT PEARL & B,4005900294517,132.67,199,1,
728,NIVEA DEODORANT FRENATUR,4005900017543,112.5,225,4,
729,NIVEA MAN DEEP IMPACT,4005900518217,113,225,4,
730,NIVEA MEN COOL KICK 50ML,4005900294487,13.67,199,4,
731,NIVEA MEN FRESH ACTIVE,8904256002820,200,225,9,
732,NIVEA MILK DELIGHT SAFFO,8904256005289,92,185,1,
733,NIVEA WHITENING SMOOTH S,8904256001731,200,209,5,
734,NO STOCK NESTLE MUNCH 5,8901058890136,4.5,5,0,
735,NOOTAN DRAWING BOOK COPY,,15,20,2,
736,NOTEBOOK REGISTER A4 SIZ,,29,40,10,
737,NOTEBOOK REGISTER A4 SIZ,,38,50,8,
738,NOVA FLAUOUR MILK KESAR,8901842022347,15,35,-3,
739,NYLE ANTIHAIRFALL SHAMPO,8902979022859,80,95,3,
740,NYLE SHAMPO POLLUTION SH,8902979023054,80,95,2,
741,NYLE VOLUME ENHANCE 400,8902979022989,164,205,2,
742,OATS,8902710100068,99,99,2,
743,ODONIL ZIPPER JOYFUL LAV,8901207029585,40,55,2,
744,OIL SPICE AFTER SHAVE LO,4902430785372,200,235,3,
745,OLAY INSTANT GLOWING FAI,4902430979689,160,169,1,
746,OLAY INTANT GLOWING FAIR,4902430979054,90,99,2,
747,OLD SPICE AFTER SHAVE LO,4987176041616,100,130,1,
748,OLD SPICE AFTER SHAVE LO,4902430785419,200,235,1,
749,OLD SPICE KRAKENGARD,4902430295994,200,249,1,
750,OLD SPICE LATHER SHAVING,4902430649636,50,60,0,
751,OLD SPICE LIONPRIDE,4902430296038,235,250,2,
752,OLD SPICE NOMAD BODY SPR,4902430295932,230,249,1,
753,OLD SPICE TIMBER BODY SP,4902430295970,200,249,1,
754,OLIGRO OLIVE OIL 100 ML,8904250603429,100,110,1,
755,oral,4902430653473,100,170,0,
756,ORAL B NEEM TOOTHBRUSH,4902430853002,20,25,-1,
757,ORAL B PRE HEALH TOOTH B,4902430781640,140,150,0,
758,ORAL B SOFT,4987176062031,75,75,0,
759,ORAL B TOOTH BRUSH SENSI,4902430888325,25,30,0,
760,ORAL B TOOTHBRUSH SOFT 4,,0,120,-1,
761,ORAL B TOOTHBRUSH SOFT 4,,110,130,4,
762,ORAL BZIG ZAG,4902430879385,40,49,3,
763,ORBIT SUGAR FREE MIXED F,89007587,4,5,97,
764,ORBIT SUGAR FREE SWEETMI,8906002487813,140,160,0,
765,ORBIT SUGAR FREE SWEETMI,89007594,4,5,4,
766,ORCHID BLOOM 75GM,,60,79,1,
767,OREAL 1L,,216,432,6,
768,OREO 100 GM 5 PC PACK,7622201515997,90,135,1,
769,OREO 300GM,7622201464486,60,80,8,
770,ORGANIC JAGGERY SHAKKAR,890408350611,40,80,4,
771,ORGANIC POHA 500 GM,8904083504849,34,68,0,
772,ORIGINAL SKITTLESS TUBE,8906002489060,40,50,-1,
773,ORION CHOCO PIE,,15,20,-2,
774,Milk,,0,29,-11,
775,MASOOR DAL,,97,140,0,
776,2 SIDED FOAM TAPE,6344563463445,20,30,2,
777,MEGLOW PREMIUM FAIRNESS,8904250610403,45,50,1,
778,SKORE DOTS,8906007131001,85,90,9,
779,FOG RADIATE,8908001158367,170,185,1,
780,FOGG ABSOLUTE,8908001158794,200,200,3,
781,DETOL SOAP 125 GM,8901396397632,39,50,7,
782,DOVE INTENSE REPAIR COND,8901030708794,80,90,1,
783,CHINGS INSTATNT SOUP HOT,8901595971244,9,10,5,
784,CADBURY BOURNVILLE CRANB,7622201138424,80,100,4,
785,ASHIRVAAD 5 kG,,167.5,200,9,
786,CATCH TURMERIC POWDER 10,8901192107121,30,34,6,
787,CHINGS HAKKA NOODLE 150,8901595851225,25,32,6,
788,CADBURY CHOCLAIRS GOLD L,,1.6,2,90,
789,5 STAR 3 D CHOCOLATE,7622201150334,24,30,19,
790,2xSNICKERS 80G,8902433004711,64,125,1,
791,BIOTIQUE BIO PINEAPPLE 1,8906009459714,100,120,2,
792,BIOTIQUE BIO WHITE FACH,8906009459707,100,120,4,
793,CATCH KUTI MIRCH 100GM,8901192102126,45,47,3,
794,CATCH SPRINKLER TABLE SA,8901192000200,20,35,4,
795,CHINGS GREEN CHILLI SAUC,8901595862733,55,55,1,
796,B NATURAL APPLE JUIC,8901725100063,100,110,3,
797,CADBURY PERK BYTES 27PC,8901233025995,75,99,10,
798,CATCH RAITA MASALA,8901192227119,39,60,3,
799,AASHIRVAAD AATA 10 KG,,330,370,6,
800,BIKANO KHATTA MEETHA 85,8901414004474,20,25,5,
801,CHANA DAL 1KG,36000425888,70,110,9,
802,CHOTI ELAICHI ILAICHI 50,,70,100,8,
803,BRITANNIA VEG GOBBLES CA,8901063363748,17,20,4,
804,CADBURY PERK BYTES LOOSE,,4,5,12,
805,PARLE BLACKBON 100GM,,29,30,5,
806,HIMALAYA GENTEL BABY SHA,8901138512576,300,320,3,
807,EMAMI NATURALLY FAIR 50M,8901248236065,140,140,1,
808,HIMALAYA BABY CREAM 100M,8901138511494,120,140,3,
809,SUPER STRONG PHENYL 5 L,36000367072,59,149,8,
810,AJANTA BAKING POWDER 100,8908008948015,15,23,10,
811,AXE GOLD TEMPTATION,8901030834288,200,210,2,
812,DABUR PUDIN HARA,8901207006845,46.25,55,1,
813,VANESA ENVY NATURAL SPRA,8901450000201,130,145,1,
814,BIOTIQUE BIO PINEAPPLE F,8906009459967,165,173,2,
815,AJAY KITCHEN KING SCRUB,,12,22,3,
816,CADBURY GEMS HOME TREATS,,4,5,20,
817,BRITNNIA WAFERS STRAWBER,8901063032316,40,45,1,
818,CATCH RED CHILLI 100 GM,8901192106124,40,46,1,
819,CHINGS MUNCHURIAN NOODLE,,40,60,1,
820,CHINGS SINGAPORE CURRY I,8901595963416,49,60,1,
821,BADAM ALMOND 200 GM,987654321098,120,180,8,
822,BRITANNIA TIGER KRUNCH C,8901063155329,60,120,2,
823,BINGO MAD ANGLES 130 GM,8901725111472,40,50,11,
824,COLGATE MAX FRESH 300 G,8901314308108,170,182,-1,
825,PAMPERS ACTIVE BABY 32 D,4902430896818,849,849,2,
826,SUNFEAST YIPPEE 2 IN 1 1,8901725116996,20,24,3,
827,SUNFEIST YEPPIE 135 GM,,22,24,5,
828,TATA TEA PREMIUM 250G,8901052003860,70,140,4,
829,TOO YUMM DAHI PAPRI 25 G,8906090571241,8.5,10,2,
830,TOO YUMM INDIAN MASALA 3,8906090572934,8.5,10,7,
831,TOPS RED CHILLI SAUCE 65,8904288601404,50,70,2,
832,UNIBIC SNICK BAR MULTIGR,8906009079677,21,40,3,
833,BRITANNIA CHEESE SLICE 6,,369,552,3,
834,COLGATE STRONG TEETH 300,8901314010131,147,147,2,
835,DOMS WAX CRAYON 12 SHADE,8908000034488,6.5,15,110,
836,TILE TOILET BRUSH SMALL,,18,30,12,
837,TRI CIRCUIT LOCK PADLOCK,,75,140,20,
838,UNIBIC KISS COOKIES 75 G,8906009077581,40,45,12,
839,RICE 1 KG LOOSE WHITE SI,,30,45,24,
840,TATA HOT & SPICY SCHEZWA,8906111440044,75,99,-3,
841,KINLEY SODA 750ML,8901764072277,14,20,68,
842,DABUR AMLA HAIR OIL,89009550,40,47,3,
843,DABUR LAL MANJAN,89009574,30,30,6,
844,DETTOL 125G,8901396398493,0,63,6,
845,DETTOL LIQUID 125ML,8901396350200,55,55,3,
846,DOVE DAILY SHINE CONDITI,8901030861345,180,190,1,
847,PEPPY TOMATO DISCS 70G,8901565001698,30,60,5,
848,TETLEY GREEN TEA,8901052087624,275,550,4,
849,BRITANIA GOODAY PACK OF,,65,130,6,
850,CATCH RED CHILLI POWDER,8901192106223,90,95,4,
851,ZHAKKAS FRYING PAPAD,,25,50,8,
852,WILDCRAFT W95 MASK,8903338295655,9,45,16,
853,DOMS SKETCH MAX PEN 12 C,8908000034976,21,30,19,
854,TATA SALT 1 KG,8904043901015,22,24,48,
855,DELMONTE KING COCONUT WA,8901246005878,60,60,34,
856,TATA TEA PREMIUM 100GM,8901052004508,27,30,17,
857,CRAX DOUBLE MAZA NAMKEEN,8908001246309,8.5,10,0,
858,CRAX NATKHAT 72 GM,8908016029263,12,25,5,
859,PAMPERS M 2 PANTS,4902430717298,21,24,4,
860,TATA TEA PREMIUM 1 KG,8901052004621,420,490,5,
861,TOPS CUSTARD KESAR PISTA,8904288621136,25,47,2,
862,TOPS CUSTARD STRAWBERRY,8904288621143,20,38,9,
863,BINGO POTATO CHIPS100 GM,8901725111465,35,50,4,
864,CRAX CURLS SNACKS CHATP,8908016029249,16.75,25,1,
865,CRAX FRITTS CRN PTTO STC,8908016029256,16.75,25,7,
866,CRAX RINGS MM SNACKS 55G,8908016029232,16.75,25,4,
867,DORITOS MASALA MAYHEM FL,8901491000918,20,30,6,
868,DORITOS NACHOS CHEESE FL,,26,30,1,
869,TOO YUMMI POTATO STIX 75,8906090572842,25,50,8,
870,BRITANNIA TREAT JIMJAM 1,8901063029170,26.25,35,7,
871,TATA PAPPER MASALA NOODL,8906111440501,20,99,16,
872,DOMES COLOUR ERASERS,8906073772467,0.75,1,99,
873,DHARA REFINED OIL RICEBR,8906004620553,162,180,1,
874,DORITOS SWEET CHILLI 44,8901491000208,18,20,0,
875,TEA VALLEY UTSAH 1 KG,8906100150664,199,240,6,
876,DELMONTE MIXED JUICE CAN,8901246005632,35,70,82,
877,DOVE CREAM BATHING BAR 1,,68,99,8,
878,DOMS SUPER DARK PENCIL,,25,40,60,
879,DOMS PENCIL RED A1,8908000034013,25,40,10,
880,PEPPY CHEESE BALLS,8901565001711,30,60,14,
881,SURF EXEL BAR SMALL 87 G,8901030873195,9,10,10,
882,TATA HOT & SPICY NOODLES,8906111440518,75,99,12,
883,SHIVAKA PAPER NAPKIN,,8,20,79,
884,CREMICA JEERA LITE 500GM,8906078263618,50,100,4,
885,DABUR HONEY 50 GM,8901207045370,32,40,3,
886,DOMS WATER COLOR,,8.5,15,100,
887,CORNETTO BUTTER SCOTCH 1,8901030771484,28.25,40,0,
888,CORNETTO CHOCO VANILLA 1,8901030771491,21.19,30,-21,
889,CORNETTO DOUBLE CHOCOLAT,8901030772627,28.25,40,0,
890,BIOTIQUE BIO NEEM 340 ML,8904317300339,280,299,2,
891,HALDIRAM NAMKEEN PLAIN M,,45,52,2,
892,KEYA ELBOW PASTA,8906066202124,70,140,1,
893,RIN 150G,8901030870859,9,10,52,
894,KUTTU ATTA,779167076,22,75,10,
895,ALMOND BADAM 1 KG,,559,900,1,
896,ASHIRWAD SHUDH CHAKKI AA,,330,350,1,
897,SUGAR 1 KG PACK,,39,40,54,
898,ELINA RCE,,53,160,5,
899,GOOEEJ CINTHOL DEODORANT,8901023009891,140,143,7,
900,HARPIC ORGANIC ACTIVE 10,8901396174202,76,86,2,
901,HEAD & SHOULDERS 2 IN 1,4902430908085,350,365,1,
902,EVA URBANE,8902618001078,130,140,2,
903,FAIR & LOVELY FACEWASH 1,8901030821400,100,120,3,
904,FINE LIFE PREMIUM RUSK 2,8902689361354,26,28,2,
905,FOGG ESSENCE 120ML,8908001158343,100,185,7,
906,FOGG FRESH BODY SPRAY,8908001158565,115,230,10,
907,FOGG STAR 120 ML,8904238301507,200,250,1,
908,GLUCON-D TANGY ORANGE,8901542017667,43,43,1,
909,GMF SHIKANJI MASALA 100G,8908004643044,34.67,52,2,
910,JEERA 200 GM,,90,120,8,
911,KNORR CHINESE MUNCHURIAN,8901030681936,38,50,2,
912,LOREAL PARIS EXTRAORDINA,8901526513352,135,150,3,
913,LOREAL PARIS FOR DAMAGE,8901526101511,199,199,3,
914,MEDIMIX SOAP 3N,8904018301680,100,105,5,
915,MEGLOW PREMIUM FAIRNESS,8904250610427,140,150,2,
916,MIX DAL,,93,115,8,
917,NAPHTHALENE BALLS 100G,8904132925274,24.5,49,3,
918,PAMPERS L 7 PACK,4902430837972,99,99,8,
919,PARACHUTE COCONUT OIL JA,8901088137034,74,95,3,
920,PARLE CHATKEEN MOONG DAL,,64,128,1,
921,RASNA INSTA ENERG LEMON,8901848001070,120,135,3,
922,ROOHAFZA 750 ML,8901453000024,130,150,4,
923,SAFOLA GOLD 5 LTR + 1 LT,8901088017411,980,1080,2,
924,SNAC TAC BIKANERI BHUJIA,8904132912779,33.5,67,3,
925,SOOJI RAWA 1 KG PP,8902901001747,40,80,4,
926,STICK WIPER BIG,,150,225,3,
927,FEVICOL TUBE 22.5GM MR A,,9,10,10,
928,FOOD EASY CITRIC ACID,,45,85,12,
929,FOOD EASY ELAICHI POWDER,,120,145,11,
930,GOOD LIFE WHOLE WHEAT CH,8902901030556,9,50,13,
931,REAL POMEGRANATE 1 LTR,8901207004421,86.25,115,1,
932,LAYS CHIPS CLASSIC SALTE,8901491001021,47,50,4,
933,REAL LICHI JUICE 200ML,8901207032110,10,20,117,
934,ENO ORANGE 5 GM SACHET,8901571006885,7.5,9,13,
935,EVERYDAY MILK 3 GM POUCH,,2,3,117,
936,MOONG CHILKA DAL 1KG,36000392166,94,115,4,
937,ODONIL AIR FRESHNER 75 G,,65,72,1,
938,KINLEY 300ML,8901764082252,5,8,-61,
939,EGG LOOSE,,5,7,-15,
940,NILONS TOOT FRUITY,8901560083552,40,50,10,
941,FOOD EASY PASTA SEASONIN,,55,65,24,
942,OXIGLOW LEMON HANDWASH,8906034014186,90,99,15,
943,OXYGLOW HERBALS ALOEVERA,8906034014193,50,99,16,
944,LAYS AMERICAN STYLE CREA,8901491001120,80,85,7,
945,PONDS MINERAL CLAY,8901030806353,70,85,18,
946,LAYS AMERICAN STYLE CREA,8901491000772,47,50,22,
947,EVEREADY RED AA BATTERY,,11,15,19,
948,EVEREADY RED AAA BATTERY,,11,15,20,
949,EVERYDAY MILK 20 GM,,8,10,8,
950,GARNIER COLOR NATURAL H,8901526204472,155.5,180,3,
951,JOHNSONS BABY OIL 50 ML,8901012116708,0,60,1,
952,MTR UPMA 160G,8901042970660,40,50,3,
953,BIKANO ALOO BHUJIA 85 GM,8901414004450,20,25,5,
954,DOVE HAIRFALL RESCUE CON,8901030861338,180,190,3,
955,DOVE OXYGEN MOISTURE SHA,8901030708008,300,305,3,
956,EMAMI KESH KING DAMAGE R,8901248240321,50,55,1,
957,ENGAGE MAN COLOGNE SPRAY,8901725952105,137.5,275,2,
958,ENO 100 GM ORANGE F,8901571003266,100,120,5,
959,EVERYUTH NATURALS NEEM F,8901120143528,50,60,5,
960,FEM CREAM SAFFRON 40 GM,8901103101293,60,65,4,
961,GARNIER BRIGHT COMPLETE,8901526005185,186,199,3,
962,GARNIER COLOUR NATURALS,8901526204496,160,180,0,
963,GILLETTE FOAM MENTHOL 19,4902430722155,150,185,4,
964,GILLETTE FUSION ULTRA PR,4902430682251,350,375,3,
965,GLUCON-D NIMBU PANI,8901542017629,43,43,3,
966,GOOD NIGHT ROLL ON,,59,75,3,
967,KEYA FUSILLI PASTA 400GM,8906066202131,140,140,2,
968,KNORR THICK TOMATO SOUP,8901030824753,36.67,55,3,
969,MAGGI MASALA CUPPA NOODL,8901058890709,33,50,6,
970,ORAL B TOOTH BRUSH WITH,4902430235921,60,80,3,
971,PANSARI MUSTARD SARSO OI,8904112601280,850,1130,4,
972,PANTENE SILKY SMOOTH CAR,4902430899215,110,120,3,
973,PARACHUTE MEN COCONUT HA,0.333333333333333,80,85,1,
974,PARLE CHATKIEENS ALOO BH,8901719120237,79,200,5,
975,PATANJALI DANT KANTI 150,8904109402258,50,50,3,
976,PONDS SUN PROTECT 80G,8901030733963,180,199,3,
977,PRIYA GOLD SNACKS PACK O,8901652141436,20,40,3,
978,SUGAR FREE NATURA ZERO C,8901120143214,150,150,1,
979,SURF EXCEL 1KG,8901030556609,230,250,3,
980,HEAD & SHOULDER ANTI-DAN,4902430774208,150,150,2,
981,HEAD & SHOULDER LEMON FR,4902430774178,125,150,4,
982,MONSTER ENERGY JUICE 350,4897036692608,55,110,18,
983,PARLE KISMI TOFFEE 34G,,1,1,77,
984,FRESH ONE FACIAL TISSUE,,8,20,4,
985,FRESCA TROPICAL MIX DRIN,8906070598053,40,120,-4,
986,GEMS 5RS PACK,,4,5,4,
987,COCK ZERO 300ML CAN,8901764111259,15,35,10,
988,PANTENE LONG BLACK SHAMP,4902430899147,210,225,3,
989,PARLE HIDE AND SEEK CHOC,8901719100369,8,10,7,
990,MAGGI CHILLY CHOW CUPPA,8901058890617,33,50,6,
991,GILLETTE FUSION HYDRA GE,4902430681049,350,375,2,
992,PRINGLES PIZZA FLAVOR,8886467122415,100,109,2,
993,DABUR RED PASTE,8901207041617,20,20,4,
994,EVA PERFUMED TALC FOR BO,8902618000927,195,195,2,
995,EVEREST TIKHALAL HOT & C,8901786395019,210,225,6,
996,FOOD EASY CHILLI FLACKS,,30,48,9,
997,GM FOODS POHA,8908004643785,36,72,4,
998,JOHNSON BABY LOTION,8901012116845,90,95,5,
999,JOHNSON BABY MASSAGE OIL,8901012116715,94,119,0,
1000,KIWI EXPRESS SHINE SPONG,,40,72,3,
1001,LOREAL PARIES NOURISH CO,8901526103386,90,99,2,
1002,LOREAL PARIS COLOUR PROT,8901526103232,90,99,2,
1003,MOONG DHULI DAL 1 KG,,88,150,6,
1004,PANSARI KACHCHI GHANI MU,8904112602102,163,220,4,
1005,PANTENE 2 IN 1 HAIRFALL,4902430538794,140,150,4,
1006,PANTENE ANTI DANDRUFF SH,4902430899260,110,120,4,
1007,PANTENE SILKY SMOOTH CAR,4902430899154,210,225,4,
1008,PAPER BOAT CHILLI & GUAV,8908001705806,20,30,5,
1009,PARACHUTE ADV DEEP NOURI,8901088064590,138,310,4,
1010,PARACHUTE OIL 100 ML JAR,89002957,34,44,4,
1011,PARACUUTE HAIR CREAM 100,8901088108973,80,89,6,
1012,SNAC TAC ITALIAN VEG SOU,8904132917224,24.5,49,6,
1013,MAGGI 2 MINUTE,8901058891416,10,12,5,
1014,FANTASY PAPER NAPKIN,,16,40,86,
1015,MR MUSCLE FLOOR CLEANER,8906006439986,45,89,5,
1016,NINE 15 PAD SANITARY,8908010780818,90,180,6,
1017,DALCHINI 100 GM,,30,55,2,
1018,DALIA 500GM,8908004643235,31,62,3,
1019,GILLETTE SERIES AFTER SH,4902430752299,400,469,3,
1020,IODEX BOTTLE 16 GM,89000014,55,80,1,
1021,LAYS INDIAS MAGIC MASALA,8901491000789,45,50,8,
1022,MOONGFALI GIRI 400 GM,,48,90,10,
1023,PARK AVENUE BEER SHAMPOO,8901277012685,155,155,5,
1024,PARLE ALOO BHUJIA 400GM,8901719110795,80,88,1,
1025,PARLE KRACKJACK 700G,8901719120985,60,120,5,
1026,SAFFOLA MASALA OATS,8901088068758,13,15,5,
1027,SAFOLA OATS 38 GM,,12,15,12,
1028,SANTOOR BODY LOTION 250M,8901399409509,110,220,6,
1029,SNAC ATAC CORNADO CHEESE,8908012477211,55,55,1,
1030,SNAC TAC JAM 3 IN 1,8904132913264,60,60,6,
1031,RED BULL DRINK 250ML SPL,,85,115,13,
1032,GHADI SOAP BAR,8901331000498,8.5,10,52,
1033,5 STAR CHOCOLATE BITE LO,,7.5,10,44,
1034,KINELY WATER BOTTEL 2 Lt,8901764082306,20,30,28,
1035,DAIRY MILK SMALL TINY PA,,8,10,-3,
1036,EMAMI FAIR AND HANDSOME,8901248295475,170,170,2,
1037,EMPEROR DATES 500 GM,8908002506044,125,250,5,
1038,GOOD LIFE JEERA 500GM,8902901222784,119,169,3,
1039,KARMIQ GREEN TEA 15 GM,8901153031335,40,70,6,
1040,KHALSA JI LADDOO,,12,25,19,
1041,MAGGI ATTA 6 PACK 435G,8901058867923,70,140,5,
1042,MDH KITCHEN KING 100 GM,8902167000102,57,74,7,
1043,OLD SPICE AMBER,4902430296021,200,249,2,
1044,OREO DIPPED 150G,7622201515928,40,70,6,
1045,PANTENE LONG BLACK180 ML,4902430899208,110,120,6,
1046,PARLE BOURBON,8901719107375,4,5,14,
1047,PARLE TANGY TOMATO 70 GM,,15,30,7,
1048,SNAC ATAC CORNADO TOMATO,8908012477044,35,35,9,
1049,SNAC TAC HOT & SOUR SOUP,8904132917217,24.5,49,6,
1050,GODREJ MAGIC HANDWASH 9,8901023023460,11,15,53,
1051,LIGHTER,,0,0,0,
1052,MAGGI MASALA E MAGIC,,4.5,5,60,
1053,RAJMA FINE 1KG,,128,164,7,
1054,GHADI DETERGENT POWDER 3,8901331004236,172.98,186,7,
1055,GOCLEAN FOR MOPPING AND,8908008172076,30,60,7,
1056,NIVEA 4.8 GM,,99,199,2,
1057,ODONIL ZIPER ALLURING DA,8901207029622,40,55,4,
1058,OIL SPICE AFTER SHAVE LO,4902430785396,200,235,3,
1059,PARK AVENUE BEER SHAMPOO,8901277015211,200,250,7,
1060,PARLE 20 20 COOKIES 600,8901719118647,120,130,9,
1061,SNAC ATAC CORNADO THAI C,8908012477020,35,35,8,
1062,SNAC TAC ALL IN ONE 150G,8904132917279,33.5,67,6,
1063,SNAC TAC ALOO BHUJIA 150,8904132912786,32.5,65,9,
1064,OREO 120 GM LOOSE,,18,35,-8,
1065,REAL GUAVA JUICE,8901207032103,10,20,111,
1066,STING 250 ML,8902080000227,17,20,23,
1067,FEVIKWIK 5 RE,8901860010005,4.5,5,71,
1068,KIWI BOOT POLISH 40 GM B,,30,59,5,
1069,MDH CHICKEN BIRYANI MASA,8902167007422,50,55,0,
1070,MDH CHUNKY CHAAT MASALA,,60,68,12,
1071,FOOD EASY DRY YEAST,,35,65,4,
1072,GILLETTE SERIES AFTER SH,4902430752312,250,268,7,
1073,KALA CHANA 1KG,36000426601,65,85,10,
1074,KISHMISH RAISINS 200 GM,RM007691,70,120,8,
1075,MAGGI 560 GM,8901058851335,90,96,3,
1076,REAL APPLE JUICE 1 LTR.,8901207021220,0,105,10,
1077,SABUDANA 250 GM,,15,30,8,
1078,SUGAR 5 KG PACK,,195,200,8,
1079,SUNFEAST HIDE AND SEEK S,,25,30,9,
1080,TASTIES OATMEAL COOKIES,8904256722476,34,49,1,
1081,SATMOLA IMLI,8906037912779,4,5,10,
1082,SATMOLA MANGO,8906037911789,4,5,10,
1083,SATMOLA PUDINA,8906037911796,4,5,10,
1084,SATMOLA TIMTIM,,4,5,10,
1085,GOOD HOME SCRUB 2 IN 1,,15,30,8,
1086,GOOD HOME SCRUB PAD,8902618000736,25,30,5,
1087,PIKNIK TOMATO CHILLI 70,8901565001728,55,60,13,
1088,REAL MASALA POMEGRANATE,8901207024542,60,120,15,
1089,SNAC TAE ATTA NOODLES 30,8904132912984,90,99,7,
1090,SUNFEAST YIPPEE CREAMY C,8901725111663,18.67,28,3,
1091,SUNFEAST YIPPEE NOODLES,8901725181413,80,86,9,
1092,KINLEY WATER 1L,8901764082405,12,20,88,
1093,HALDIRAM LITE MIXTURE 25,8904063260512,43,85,11,
1094,JYOTI BATTI ROUND,,2,10,35,
1095,PASEO TISSUE BOX,8907250112014,70,75,11,
1096,HORLICKS POUCH 100 GM,8901030825699,26,30,18,
1097,NUPUR HENNA 250G,8901023008566,8,10,8,
1098,PAMPERS S 2 PANTS,4902430717274,18,20,10,
1099,GEMS 10 RE PACK,7622201798185,9,10,2,
1100,KABULI CHANA SAFED CHOLE,36000425901,103,115,3,
1101,MILK 2 LTR PACK,,112,120,-15,
1102,MILK 500 GM FULL CREAM D,,28.37,30,-508,
1103,MILK DOODH FULL CREAM 1,,58,60,-42,
1104,MOTHER CARE FRAGRANCE FR,8904301740509,160,175,1,
1105,MOTHER DAIRY CHEESE CUBE,8901648092667,93.5,100,2,
1106,7 Up Can,8902080305025,20,30,0,
1107,AMUL MASTI DAHI 200G,8901262200028,20,20,-1,
1108,ARIEL 1 KG,4987176081421,200,225,0,
1109,BADAM ALMOND 400 GM,9771234567003,240,340,0,
1110,DABUR SANITIZE ANTISEPTI,8901207035951,35,105,5,
1111,FORTUNE RICE BORN 1LTR,8906007280693,154,185,1,
1112,FORTUNE SOYA 1 LTT,,140,180,2,
1113,KWALITY WALLS OREO TUB 7,8901030735363,198,299,2,
1114,MTR DOSA 200G,8901042958279,50,75,0,
1115,MTR GULAB JAMUN BUY 1 GE,,130,130,0,
1116,NATURE FRESH 5 KG AATA,,199,219,-1,
1117,NATURE FRESH AATA 10 KG,,319,375,1,
1118,NOVA DOODH BUTTER SCOTCH,8901842022316,15,35,174,
1119,ORBIT SUGAR FREE MIX FRU,,4,5,19,
1120,ORBIT SUGAR FREE MIXED F,8906002487806,145,160,1,
1121,PARLE KACHA MANGO BITE C,,0.5,1,55,
1122,SANTOOR HAND WASH LOTUS,8901399246074,100,109,1,
1123,SE7EN PAD LOCK SET OF 4,,200,300,1,
1124,SNICKERS CHOCO BAR 88GM,8906002481583,68,80,1,
1125,NESTLE MUNCH 1 BAR,89008294,0,5,3,
1126,NESTLE MUNCH 33 GM,8901058875751,18,20,20,
1127,SNAC TAC TOMATO SOUP 60G,8904132917248,24.5,49,6,
1128,5 KG TIDE DOUBLE POWER J,,415,499,5,
1129,500 GM TIDE DETERGENT JA,,46,54,5,
1130,AARAMBH OATS 1.5KG,8904132928640,160,320,2,
1131,AARYAVRAT BESAN 500 GM,,60,75,1,
1132,AASHIRVAAD CHILLI POWDER,8901725125165,42,84,3,
1133,AASHIRVAAD CORINDER POWD,8901725125264,31,32,5,
1134,AASHIRVAAD TURMERIC POWD,8901725125349,16,33,4,
1135,ALITE FACEWASH 70G,8904250610496,120,125,2,
1136,ALITE HAIR REMOVAL CREAM,8904250610526,50,55,3,
1137,ALITE HAIR REMOVAL CREAM,8904250610533,80,90,2,
1138,ALLOUT SATTVA 45 ML,8904271200454,65,75,1,
1139,ALPENLIEBE GOLD,8901393015843,90,100,1,
1140,AMUL BUTTER 500 GM,8901262010023,227,245,2,
1141,AMUL GHEE DESI 1 KG,8901262030700,430,470,3,
1142,ANANDA PURE GHEE 90G,8904124109217,59,60,1,
1143,APSARA SCALE 30 CMS,8901324005110,18,20,8,
1144,ARIEL COMPLETE 4KG,4987176081612,550,1160,9,
1145,ASHWAGANDHA CHURAN 100G,8904049110183,80,85,2,
1146,AXE SIGNATURE BODY DEO,8901030834622,105,210,14,
1147,AXE SIGNATURE DENIM AFTE,8901030611179,100,130,1,
1148,AXE SIGNATURE DENIM SHAV,8901030611261,40,44,2,
1149,AXE SIGNATURE DENIM SHAV,8901030693205,70,75,3,
1150,AXE SIGNATURE TEMPTATION,8901030611193,100,130,1,
1151,BAIDYANATH CHYAWANPRASH,8904027401937,170,340,3,
1152,BAJAJ ALMOND OIL,8906014765947,30,37,9,
1153,BAJAJ ALMOND HAIR OIL 35,8906014765916,17,20,4,
1154,BATHING LOOFAH 20 GM,51111407592,19,49,7,
1155,BICANO CHIPS CHATAK MASA,8901414010239,15,30,6,
1156,BICANO CHIPS SIMPLY SALT,8901414010222,20,30,3,
1157,BIKANO ALOO BHUJIA 250 G,8901414010451,44,50,1,
1158,BIN BAG BLACK POLYTHENE,36000366396,40,110,8,
1159,BIN BAG BLACK POLYTHENE,36000366389,30,90,5,
1160,BIOTIQUE BASIL & PARSLEY,8906009451664,45,90,5,
1161,BIOTIQUE BIO CUCUMBER FO,8906009451060,160,175,1,
1162,BIOTIQUE BIO GREEN APPLE,8904317300209,140,155,2,
1163,BIOTIQUE BIO GREEN APPLE,8904317300216,280,299,2,
1164,BIOTIQUE BIO HENNA LEAF,8904317300247,140,155,2,
1165,BIOTIQUE BIO KELP SHMPOO,8904317300292,280,299,1,
1166,BIOTIQUE BIO SOYA PROTEI,8904317300377,280,299,2,
1167,BISLERI SPYCI 600ML,8906017290903,26,40,6,
1168,BLACK ROSE HAIR DYE BRUS,,4,13,11,
1169,BORO PLUS 19ML,8901248101103,38,38,16,
1170,BORO PLUS BODY LOTION,8901248126359,300,320,2,
1171,BOTTLE OPENER COLORED HA,,15,25,12,
1172,BOTTLE OPENER STANDARD,,10,20,12,
1173,BOURN VITA 500GM,7622201423131,209,209,1,
1174,BOURNVITA 75 GM,8901233018362,26,30,20,
1175,BRITANNIA CHEESE SLICE L,,17,20,25,
1176,BRITANNIA GOBBLES CAKE,8901063363779,12,15,26,
1177,BRITANNIA PIZZA CHEEZZA,8901063401280,120,150,2,
1178,BRITANNIA TREAT CREME WA,8901063032309,40,45,3,
1179,BRITIANNIA MARIEGOLD 120,8901063162136,15.2,18,5,
1180,BRU INSTANT COFFE,8901030656934,240,340,1,
1181,BRUNO FLOOR CLEANER ENGL,8906051570825,200,249,2,
1182,CADBURY BOURNVILL FRUIT,7622201505462,80,100,4,
1183,CADBURY BOURNVILLE DARK,7622201138486,80,100,4,
1184,CALCULATOR ORPAT,,160,395,2,
1185,CANDLE 200 6 PC BOX,,20,30,6,
1186,CATCH CHHOLE MASALA,8901192221117,60,65,1,
1187,CATCH CORIANDER DHANIA P,,43,67,3,
1188,CATCH DAL MAKHANI MASAL,8901192224118,60,65,2,
1189,CHARCOAL PREMIUM FACIAL,8809311915704,139,149,4,
1190,CHINGS MUNCHURIAN NOODLE,8901595963317,12,15,4,
1191,CHINGS SECRET HOT & SOUR,8901595961412,35,55,2,
1192,CLEAN & CLEAR BERRY BLAS,8901012189368,145,155,2,
1193,CLEAN & CLEAR BERRY BLAS,8901012189351,70,80,1,
1194,CLEAN & CLEAR FACE WASH,8901012189337,135,145,3,
1195,CLEAN & CLEAR LEMON FRES,8901012189382,70,80,2,
1196,CLOSEUP 150x2G,8901030820168,150,150,1,
1197,CLOSEUP BLUE COOL BREEZE,8901030839771,110,170,2,
1198,COCA COLA 2 LTR,,0,90,26,
1199,COCA COLA 750 ML,,32,40,75,
1200,COLGATE DIABETICS TOOTHP,8901314599476,75,150,4,
1201,COLGATE HERBAL 100GM,8901314021540,58,58,1,
1202,COLORED STONE BAG,,10,25,10,
1203,COMPLAN 500G,8901542001932,200,299,2,
1204,COSCO TENNIS BALL,,41,80,6,
1205,COTTON BATTI LONG YELLOW,,8,20,10,
1206,COTTON BATTI ROUND JYOTI,,9,20,9,
1207,CUCUMBER FAIRNESS FACIAL,8809311914257,90,99,6,
1208,CUFF LINK SET,,20,90,4,
1209,CYCLE 3 IN 1 AGARBATTI,8901751010527,9,10,3,
1210,CYCLE LOBAN DHOOP,8901751012583,4,5,3,
1211,CYCLE MORNING GLORY AGAR,8901751005998,55,60,3,
1212,CYCLE PARAMPARA AGARBATT,8901751002560,35,40,2,
1213,CYCLE RHYTHM AGARBATTI,8901751010695,9,10,2,
1214,CYCLE SANDALAM AGARBATTI,8901751009927,9,10,2,
1215,CYCLE SURPRISE AGARBATTI,8901751012569,15,20,3,
1216,DABUR AMLA HAIR OIL 180,8901207038389,77,90,6,
1217,DABUR CHYAWANPRAKASH SUG,8901207005671,314,415,5,
1218,DABUR CHYAWANPRASH 950GM,8901207040337,300,360,6,
1219,DABUR CHYAWANPRASH SUGAR,8901207001635,122,225,1,
1220,DABUR HONEY 1.2KG,8901207025389,430,430,1,
1221,DABUR HONEY 100 GM,8901207005374,54,62,1,
1222,DABUR HONEY CHOCOLATE FL,8901207037986,100,120,4,
1223,DABUR HONEY STRAWBERRY F,8901207037993,100,120,5,
1224,DABUR LAL TAIL,8901207003868,50,50,6,
1225,DABUR RED GEL SUPER SAVE,8901207023644,85,185,8,
1226,DABUR SANITIZER 60 ML,8901207033865,20,30,3,
1227,DABUR SARSO ANWLA 40 ML,89008713,8,10,7,
1228,DABUR VATIKA ALOE VERA H,8901207026027,130,150,4,
1229,DABUR VATIKA MOROCCAN AR,8901207026089,140,150,3,
1230,DABUR VATIKA MOROCCAN AR,8901207026096,210,225,1,
1231,DALIA 500 GM,8902901001761,20,50,6,
1232,DELMONTE FAREALLE PASTA,8901246001610,169,175,2,
1233,DENVE BLUE.CODE 300G,8901450013140,150,180,6,
1234,DENVER 100 GM,8901450001772,60,75,6,
1235,DENVER BLACK.CODE COLOGN,8901450001758,150,180,1,
1236,DENVER BODY TALE 300G,8901450000034,190,199,3,
1237,DENVER PRIDE SPRAY,8901450003257,210,210,1,
1238,DENVER TALC 100 GM,8901450000089,45,85,4,
1239,DOMS ERASER BIG,8908000034204,1.7,3,100,
1240,DOMS SHARPNERS,8908000034235,1.8,3,100,
1241,DOVE DAILY SHINE SHAMPOO,8901030704321,480,500,1,
1242,DOVE DANDRUFF CARE SHAMP,8901030764356,160,160,2,
1243,DOVE DANDRUFF CARE SHAMP,8901030764349,270,290,2,
1244,DOVE DANDRUFF CARE SHAMP,8901030764370,55,62,1,
1245,DOVE DRYNESS CARE SHAMPO,8901030703607,230,240,1,
1246,DOVE HAIR FALL RESCUE CO,8901030703652,80,90,1,
1247,DOVE HAIR FALL RESCUE SH,8901030704307,550,580,1,
1248,DOVE INTENSE REPAIR COND,8901030707834,180,190,1,
1249,DOVE INTENSE REPAIR SHAM,8901030703829,140,150,1,
1250,DOVE NOURISHED BODY LOAT,8901030825798,90,100,1,
1251,DOVE SUPPLE BOUNCE BODY,8901030825811,100,110,1,
1252,DUKES DIGESTIVE BISCUTIE,8901972066235,13,25,48,
1253,EMAMI 7 OILS IN ONE,8901248257329,67,67,1,
1254,EMAMI 7 OILS IN ONE 200M,8901248257374,120,130,1,
1255,EMAMI FAIR AND HANDSOME,8901248295109,70,85,1,
1256,EMAMI KESH KING SHAMPOO,8901248240314,425,450,2,
1257,ENSHINE HAIR OIL,8904250614210,140,150,1,
1258,ENVY FIERY SPRAY,8901450002427,180,199,1,
1259,ENVY PASSION PREMIUM BOD,8901450013089,70,75,2,
1260,ENVY PREMIUM BODY TALC 3,8901450013096,150,180,4,
1261,ENVY SPEED,8901450003585,180,199,2,
1262,EVA DEO,8902618001283,70,140,3,
1263,EVA EXOTIC ROSE TALC,8902618000354,75,75,1,
1264,EVA FLOWER SHOWER TALC 1,8902618000361,75,75,2,
1265,EVA SANDAL TALC 100G,8902618000439,60,75,3,
1266,EVEREST CHICKEN BIRYANI,8901786630509,60,70,6,
1267,EVEREST PANIPURI MASALA,8901786031009,55,59,7,
1268,EVEREST SABJI MASALA,8901786131006,50,54,1,
1269,EVEREST SAFFRON 1G,8901786380015,220,240,1,
1270,EVEREST SHAHI BIRYANI MA,8901786140503,65,70,3,
1271,EVEREST SUPER GARAM MASA,8901786191000,36,52,7,
1272,EVEREST SUPER GARAM MASA,,55,80,5,
1273,EVEREST WHITE PAPERPOWDE,8901786331000,150,170,5,
1274,EVERST JALJIRA POWDER,8901786041008,45,50,3,
1275,EVERST PAV BHAJI MASALA,8901786071005,60,66,6,
1276,EVERYUTH NATURALS MOISTU,8901548142424,120,135,1,
1277,FAIR & LOVELY 25G,8901030821516,54,54,2,
1278,FAIR & LOVELY 50G MULTI,8901030821523,102,102,1,
1279,FAIR & LOVELY MENS GLOW,8901030822162,140,145,3,
1280,FAIR & LOVELY WINTER GLO,8901030822452,100,120,2,
1281,FERRERO ROCHER MOMENTS 6,8000500348208,87,175,5,
1282,FORTUNE REFINED RICE BRA,,825,1000,1,
1283,GARNIER BLACK NATURALS,8901526209910,39,39,2,
1284,GARNIER FRUCTIS CONDITIO,8901526205295,70,75,1,
1285,GARNIER LIGHT COMPLETE N,8901526205073,100,120,5,
1286,GARNIER LIGHT COMPLETE N,8901526205066,170,185,3,
1287,GARNIER WRINKLE LIFT CRE,8901526202928,150,159,2,
1288,GARNIER WRINKLE LIFT CRE,8901526200078,260,275,2,
1289,GENTEEL LIQUID DETERGENT,,300,320,2,
1290,GILLETTE FOAM SENSITIVE,4902430602747,190,199,3,
1291,GILLETTE FOAM LEMON LIME,4902430722131,150,185,2,
1292,GILLETTE FOAM REGULAR 19,4902430722179,150,185,1,
1293,GILLETTE FOAM REGULAR 41,4987176030047,200,225,1,
1294,GILLETTE GUARD 3,4902430914772,250,280,1,
1295,GLACIR JAM,8901801000492,150,150,2,
1296,GLUCON-D 1KG JAR,8901542000546,164,205,2,
1297,GMF HING PANIPURI MASALA,8908004643037,38.3,58,3,
1298,GOOD NIGHT MOSQUITO COIL,,8,10,12,
1299,GOORAJ AIR SPRAY REMOVES,8901023019524,130,150,3,
1300,HAMDARD HONEY 250 GM,8901453000772,70,110,1,
1301,HAND CLEANING WIPES,8901435014056,12,40,16,
1302,HANUMAN DEVI SINDOOR,,2,5,50,
1303,HARI DARSHAN 4 IN 1 28 G,,8,20,12,
1304,HARIDARSHAN DHOOP,,8,13,26,
1305,HEAD & SHOULDER NEEM 340,4902430834643,350,365,1,
1306,HEAD AND SHOULDER SILKY,4902430773850,270,285,1,
1307,HEAD AND SHOULDERS ANTI,4987176073112,280,295,1,
1308,HEAD AND SHOULDERS ANTI,4987176072849,640,660,1,
1309,HEM SOHAM 4 IN 1 AGARBAT,,35,70,4,
1310,HIMALALAYA LIP BALM 10 G,8901138509231,15,35,22,
1311,HIMALAYA BABY CREAM 200M,8901138831578,250,260,3,
1312,HIMALAYA BABY LOTION 100,8901138511463,80,95,3,
1313,HIMALAYA BABY LOTION 400,8901138512583,260,290,3,
1314,HIMALAYA MEN NATURAL BRI,8901138843830,20,75,3,
1315,HIMALAYA MEN NATURAL BRI,8901138843847,35,130,4,
1316,HIT RAT GLUE PAD,8901023019371,80,100,3,
1317,HORLICKS 1KG CONTAINER P,,415,475,1,
1318,HOT MELT GLUE GUN POLAR,853817007096,100,250,2,
1319,IODEX POUCH,8901571010233,8,10,11,
1320,JAY DURGA KAPOOR 10 GM,,7,20,20,
1321,JHONSONS BABY HAIR OIL 6,8901012118108,40,55,1,
1322,JHONSONS BABY POWDER 200,8901012116616,140,155,2,
1323,JOHNSON BABY POWDER BLOS,8901012116609,71,90,2,
1324,JOHNSON NEWBORN MASSAGE,,99,125,2,
1325,JOHNSONS BABY CREAM 50G,8901012116814,75,75,3,
1326,JOHNSONS BABY HAIR OIL 1,8901012118085,70,80,1,
1327,JOHNSONS BABY HAIR OIL 2,8901012118092,120,130,3,
1328,JOHNSONS BABY MASSAGE OI,8901012116739,400,425,2,
1329,JOHNSONS BABY POWDER 200,8901012116579,130,143,1,
1330,KACCHA MANGO BITE,8901719119279,33.33,50,2,
1331,KALI MIRCH BLACK PEPPER,,60,95,5,
1332,KALI MIRCH BLACK PEPPER,,30,60,10,
1333,KAPIVA ALOE VERA GEL 150,8906082522978,100,120,4,
1334,KELLOGG'S CHOCO 10 RE,8901499008169,8,10,7,
1335,KESARI AMAZING SAFFRON 2,8908001876032,100,129,1,
1336,KETAN HAWAN SAMAGRI 100G,,5,10,12,
1337,KISSAN PINEAPPLE JAM 500,8901030535079,150,165,1,
1338,LAKME BLUSH & GLOW FACEW,8901030599286,100,120,2,
1339,LAKSHMAN REKHA,8904058700375,9,16,10,
1340,LIQUID DETTOL 60ML,8901396350101,27,27,1,
1341,LOREAL PARIS EXCELLENCE,8901526104246,230,249,1,
1342,LOREAL PARIS EXCELLENCE,8901526104260,230,249,1,
1343,LOREAL PARIS FOR DAMAGED,8901526101498,135,135,1,
1344,LOTUS WHITE GLOW 50G,806360290507,100,155,2,
1345,LUX CREAMY PERFECTION 12,8901030850219,252,260,1,
1346,LUX HANDWASH MAGICAL SPE,8901030706783,32,95,1,
1347,MAGGIE OATS NOODLE MASAL,8901058866742,25,28,5,
1348,MAIDA 500GM,8902901001723,20,40,4,
1349,MDH DAL MAHANI MASALA,8902167001017,48.28,68,4,
1350,MDH GARAM MASAL 100,8902167000126,60,85,5,
1351,MDH MEAT MASALA,8902167000140,53.96,76,3,
1352,MDH PAV BHAJI MASALA 100,8902167000256,49.74,70,3,
1353,MDH SAMBHAR MASALA 100G,8902167000270,46.15,65,3,
1354,MEGLOW PREMIUM FAIRNESS,8904250610410,90,100,1,
1355,MEGLOW SKIN BRIGHTENING,8904250610434,80,100,4,
1356,MESWAK TOOTH PASTE 100 G,,30,55,2,
1357,MILKFOOD GHEE DESI 1 KG,8906004970023,380,498,4,
1358,MORTEIN DUAL ALL INSECT,8901396514503,236,288,4,
1359,MORTEIN POWER BOOSTER 12,8901396511007,30,34,1,
1360,MR MUSCLE KITCHEN CLEANE,8906006439627,65,130,6,
1361,MR MUSCLE TOILET CLEANER,8906006439115,35,75,4,
1362,MTR 3MINUTE BREAKFAST 60,8901042968940,12.5,25,6,
1363,MTR RICE IDLI 200GM,8901042954615,70,75,1,
1364,NATARAJ ERASER,8901324460179,15,20,1,
1365,NAVRATNA AYURVEDIC OIL 5,8901248104067,290,295,1,
1366,NAVRATNA GARAM AYURVEDIC,8901248153010,60,70,3,
1367,NAVRATNA GARAM AYURVEDIC,8901248153034,35,38,2,
1368,NESCAFE COFFEE CLASSIC P,89008560,9,10,41,
1369,NINE DRY COMFORT 6 PADS,8908010780108,30,40,9,
1370,NIVA DEODORANT FRESH NAT,4005900294579,132.67,199,4,
1371,NIVA DEODORANT WHITENING,4005900294548,132.67,199,3,
1372,NIVEA BODY LOTION,4005808849864,275,275,2,
1373,NIVEA CREAM 60ML,42204244,99,99,2,
1374,NIVEA LIP BALM ORIGINAL,4005808369461,120,140,1,
1375,NIVEA LIP BALM STRAWBEER,4005900160898,99,199,1,
1376,NIVEA OIL IN LOTION 400M,8904256015943,450,499,6,
1377,NIVEA SOFT LIGHT MOISTUR,72140031763,162.5,325,4,
1378,NYLE ANTIHAIRFALL SHAMPO,8902979022866,154,205,2,
1379,NYLE DAMAGE REPAIR SHAMP,8902979022941,154,205,1,
1380,ODOMOS,8901207037948,25,25,3,
1381,ORAL B CRISSCROSS TOOTHB,4902430887588,30,60,1,
1382,OREAL TIL KA TEL 1 LTR,,220,432,5,
1383,PAD LOCK 12 PC SET,,300,500,2,
1384,PAMPERS 10 RE,4987176096036,6.8,10,200,
1385,PAMPERS 12RS,4987176096043,8.4,12,200,
1386,PAMPERS 14 RE,4902430930949,9.8,14,200,
1387,PAMPERS ACTIVE BABY L18,4902430829922,399,399,1,
1388,PAMPERS HAPPY SKIN PANTS,4902430838559,90,99,2,
1389,PAMPERS L 4 PANTS,4902430814461,50,56,3,
1390,PAMPERS NB 2 PANTS,4902430716284,17,18,6,
1391,PAMPERS NB 4 PANTS,4902430813860,30,36,6,
1392,PAMPERS S 16 PANTS SMALL,4902430722483,190,199,1,
1393,PAMPERS S 30,4902430872928,250,299,1,
1394,PANTENE HAIRFALL CONTROL,4902430899413,170,180,2,
1395,PANTENE HAIRFALL CONTROL,4902430899192,100,120,3,
1396,PANTENE LIVELY CLEA 200M,4902430899253,110,120,3,
1397,PANTENE OPEN HAIR MIRACL,4902430880329,180,190,3,
1398,PARK AVENUE,8901277015402,100,199,12,
1399,PARK AVENUE ALEXANDER,8901277015419,180,199,1,
1400,PARK AVENUE EPIC,8901277015426,180,199,4,
1401,PARK AVENUE SOAP 500G,8901277014573,99,165,3,
1402,PARLE CHATKEENS KHATTA M,8901719119705,52.5,105,2,
1403,PARLE HAPPY HAPPY 400GM,8901719118593,90,100,2,
1404,PARLE HIDE & SEEK 400G,8901719121739,70,140,3,
1405,PARLE MANGO BITE,8901719119286,40,50,1,
1406,PARLE NUTRICRUNCH HONEY,8901719117374,60,120,4,
1407,PARLE ORANGE BITE,8901719119293,40,50,1,
1408,PARLE PREMIUM RUSK 200GM,8901719106637,28,30,1,
1409,PATANJALI AMLA CHATPATA,8904109490521,160,180,1,
1410,PATANJALI KESH KANTI CON,8904109450600,100,110,0,
1411,PATANJALI KESH KANTI MIL,8904109450365,45,95,2,
1412,PATANJALI KESH KANTI REE,8904109450495,45,85,3,
1413,PEARS FACEWASH 60G,8901030355455,140,150,1,
1414,PENNE PASTA 500GM,8902689111072,160,175,2,
1415,PEPSI 1.5 L,8902080104079,50,90,4,
1416,PEPSI 2.25 LTR,,72,95,5,
1417,PERMANENT MARKER PEN,,180,200,5,
1418,PHOOL MAKHANE 90G,,90,120,4,
1419,PIPO DIET POPCORN,,7.5,10,11,
1420,PLASTIC ROPE 6 M RASSI,,25,49,4,
1421,PLAYING CARDS AMEER 555,,15,35,12,
1422,PONDS AGE MIRACLE WRINKL,8901030786334,100,105,1,
1423,PONDS AGE MIRACLE WRINKL,8901030664564,450,475,1,
1424,PONDS COLD CREAM 102ML,8901030755606,130,140,1,
1425,PONDS COLD CREAM 30ML,8901030816864,40,46,1,
1426,PONDS COLD CREAM 6 GM 5,,4,5,59,
1427,PONDS LIGHT MOISTURISER,8901030714689,300,309,4,
1428,PONDS LOTION TRIPLE VITA,8901030858369,163,299,4,
1429,PRINGLES FUSION CHUTNEY,,49,99,2,
1430,PRIYA GOLD MARIE LITE BI,8901652140590,27,55,2,
1431,PRIYAGOLD CRACKLE COCONU,8901652140606,33.33,55,4,
1432,PUMO TENNIS BALL,,16,30,9,
1433,RAJMA 1 KG,36000426557,98,128,7,
1434,RASNA INSTA NT ORANGE,8901848001087,130,240,2,
1435,RASNA NATIVE HAAT PURE L,8901848001414,90,180,4,
1436,REXONA DEODORANT POWDER,8901030831782,130,135,2,
1437,SABUDANA 1 KG,,60,100,2,
1438,SABUDANA 500 GM,,30,60,3,
1439,SAFFOLA AROGYAM CHYAWAN,8901088182515,180,190,4,
1440,SAMAK ATTA,8906029821706,33,80,9,
1441,SAMS SOYA SAUCE 200G,8906027122782,40,40,2,
1442,SANTOOR 100G,8901399011719,100,106,1,
1443,SATMOLA,8906037911772,4,5,4,
1444,SENSODYNE FRESH MINT,8901571004102,65,75,1,
1445,SENSODYNE RAPID RELIEF T,,90,160,1,
1446,SHOE BRUSH WOODEN,36000367041,30,60,6,
1447,SIGMA STICKY NOTES 76X5,8902689554336,40,50,4,
1448,SNAC ATAC CORNADO ROSEMA,8908012477525,35,35,7,
1449,SNAC ATAC CORNADO TOMATO,8908012477051,55,55,1,
1450,SNAC TAC BOONDI 150G,8904132917255,31,62,7,
1451,SNAC TAC MIXED FRUIT JAM,8904132922181,35,70,2,
1452,SNAC TAC TASTY PEANUTS 1,8904132912908,32.5,65,2,
1453,SNAC TAC TOMATO SOUP 13G,8904132918856,7.5,15,6,
1454,SNACTAC BUTTER COOKIES,8904132913165,16,25,5,
1455,STICK WIPER SMALL,,80,120,3,
1456,STREAX TENDER LOVING COL,8901247573130,200,225,2,
1457,STREAX TENDER LOVING COL,8901247573147,200,225,2,
1458,SUGAR LITE 500G,8901548145326,49,99,6,
1459,SUNFEAST YIPPEE MSL INS,8901725111670,18.67,28,3,
1460,SUNFEAST YIPPEEI NOODLES,8901725181673,38.85,58,3,
1461,SUNSILK CONDITIONER 180,8901030724565,140,149,1,
1462,SUNSILK LUSCIOUSLY THICK,8901030832567,100,108,1,
1463,SUNSILK NOURISHING SOFT,8901030832574,100,120,1,
1464,SUNSILK NOURISHING SOFT,8901030745546,190,198,1,
1465,SUNSILK NOURISHING SOFT,8901030714177,40,50,1,
1466,SUPER PATANJALI 160 GM D,8904109460104,5,10,26,
1467,TAPE 12 MM 25 MTR,,9,15,11,
1468,TATA TEA AGNI 1 KG,8901052005086,0,260,1,
1469,TATA TEA GOLD 500 GM,8901052000906,0,305,2,
1470,TEJ PATTA,,20,30,7,
1471,TEJAS COTTON BATTI LONG,8904250300618,7.5,15,24,
1472,TEJAS COTTON BATTI LONG,8904250302513,6,12,11,
1473,TEJAS COTTON BATTI ROUND,8904250300601,6,12,23,
1474,THUMBS UP 750 ML COLD DR,8901764042270,31.6,40,1,
1475,THUMBS UP2 L COLD DRINK,8901764042508,70,90,29,
1476,TIDE DOUBLE POWER 1 KG,4902430299756,88,104,1,
1477,TIDE SOAP BAR,,9,10,37,
1478,TIL OIL SHIV BHOLA 450 M,,82,95,4,
1479,TIL OIL SHIV BHOLA 950 M,,160,190,3,
1480,TOILET ROLL PAPER LEGEND,,85,125,2,
1481,TOILET ROLL PAPER PARAGO,,18,25,11,
1482,TOO YUMMI RINGS,8906090572859,25,50,5,
1483,TOOTHPICK,,12,20,18,
1484,TOOTHPICK ROUND BOTTLE S,,20,30,8,
1485,TOPS CUSTARD VANILLA POW,8904288621112,20,38,6,
1486,TOPS INSTANT MIX GULAB J,8904288602173,90,100,4,
1487,TOPS INSTANT MIX KESAR P,8904288602326,90,100,4,
1488,TOPS MANGO PICKLE,8904288612417,100,125,1,
1489,TOPS MIXED FRUIT JAM,8904288626070,50,60,1,
1490,TOPS PINEAPPLE JAM 475G,8904288626117,140,150,1,
1491,TOPS SNACK SAUCE 465GM,8904288601305,50,74,1,
1492,TOPS TOMATO KETCHUP 500G,8904288601114,80,94,1,
1493,TOPS VENEGAR 610 ML,8904288601275,30,60,3,
1494,TRESEMME HD 580 ML,8901030700224,480,500,1,
1495,TRESEMME KERATIN SMOOTH,8901030700873,220,220,4,
1496,TRESEMME KS KERATIN SMOO,8901030776106,250,275,1,
1497,TRESEMME SMOOTH & SHINE,8901030840029,120,130,1,
1498,TROPICANA LITCHI DELIGHT,8902080013272,74,110,1,
1499,UJWAL CHAMAK CLEANER,,38,75,24,
1500,ULTRA DENT CLOVE OIL 2 M,8904250605669,20,40,2,
1501,UNIBIC FRUIT AND NUT COO,8906009070636,89,180,5,
1502,unibic oatmeal cookies,,90,155,3,
1503,VALLEY UTSAV TEA,,199,240,2,
1504,VANESA PERFUME 60 ML,8901450003226,200,249,2,
1505,VANISH OXI ACTION 200G,8901396040309,100,105,1,
1506,VANISH OXI ACTION,8901396044505,15,17,4,
1507,VANISH OXI ACTION 100GM,8901396040200,55,62,1,
1508,VASELINE,67766592,4,5,31,
1509,VASELINE 24ML,8901030716249,42,42,4,
1510,VEBA HOT GARLIC STIR SAU,8906069402354,150,160,1,
1511,VEEBA PEANUT BUTTER CREA,8906069401104,119.4,154,4,
1512,VEEBA PEANUT BUTTER CRUN,8906069401111,119,154,4,
1513,VICKS VAPORUB 110ML,4987176077318,203,250,3,
1514,VICKS VAPORUB 5ML,,21,21,10,
1515,VICKS VAPORUB BABY 25 ML,4987176077059,85,105,3,
1516,VICTOR AIM HIGH GEOMETRY,8903183100081,63,80,2,
1517,VIM BAR 4UX105G,8901030863066,28,30,19,
1518,VISTA AURA BUBBLE GUM AI,8906011472923,99,199,6,
1519,VISTA SPONGE & SHINE,8906011472428,12.5,25,6,
1520,VLCC HONEY & SHEA BUTTER,8907122015023,350,399,4,
1521,WAGH BAKRI NAVCHETAN TEA,8901747000631,215,310,1,
1522,WAI WAI HAKKA EGG NOODLE,8906013030145,20,40,6,
1523,WAI-WAI MASALA DELIGHT 4,8906013032897,110,110,5,
1524,WHISPER BINDAZZZ NIGHTS,4987176106940,450,470,4,
1525,WHISPER DAILY LINERS PAD,4902430917667,190,198,3,
1526,WHISPER ULTRA NIGHTS XL+,4902430448758,378,400,2,
1527,WHISPER ULTRA SOFT 15 PA,4902430378116,170,175,5,
1528,WHISPER XL+ 30 PADS,4987176091376,300,320,1,
1529,WHISPER XL+50 PADS,4987176048578,500,520,3,
1530,WHISPER XL+7 PADS,4902430378123,60,66,2,
1531,WOMEN'S HORLICKS 400G,8901030825514,235,310,1,
1532,XLNC Calculator,,129,200,1,
1533,YELLOW DIAMOND PLAIN SAL,8906004563652,15,30,6,
1534,YUMMIEZ CHICKEN SEEKH KA,8902756780224,167,250,1,
1535,YUMMIEZ FRENCH FRIES 425,8902756311701,63,95,2,
1536,YUMMIEZ POTATO CHEESE BI,8902756650022,150,225,1,
1537,YUMMIEZ TANDOORI PANEER,8902756390034,117,175,1,
1538,ZANDU CHYAVANPRASH AVALE,8901248703185,105,185,2,
1539,ZANDU CHYAVANPRASHAD 900,25890100000011,265,365,2,
1540,ZANDU CHYAWANPLUS WITH B,8901248744065,240,340,2,
1541,ZANDU QUICK RELIEF FOR H,8901248753005,30,60,4,
1542,ZANDU SONA CHANDI CHYAWA,8901248744058,150,180,3,
1543,CATCH SHAHI PANEER MASAL,8901192225115,75,82,2,
1544,DABUR SARSO ANWLA,89008720,15,20,11,
1545,EVA FLORAL FUN TALC 100G,8902618000972,60,75,2,
1546,GOORAJ AIR SPRAY LUSH GR,8901157045109,130,155,3,
1547,HIMALAYA BABY LOTION 200,8901138511470,150,165,3,
1548,MOONGFALI GIRI 100 GM,,12,30,10,
1549,MOONGFALI GIRI 200 GM,,24,50,10,
1550,PANTENE 2 IN 1 HAIRFALL,4902430541053,270,285,1,
1551,PANTENE 2 IN 1 SILKY SMO,4902430538817,130,150,2,
1552,PANTENE 2 IN 1 SILKY SMO,4902430541107,270,285,1,
1553,PANTENE SHAMPOO 180 ML,4902430899222,110,120,2,
1554,PANTENE SILKY SMOOTH CAR,4902430899451,170,180,5,
1555,PANTENE SLIKY SMOOYH CAR,4902430346139,540,550,1,
1556,PANTENE TOTAL DAMAGE CAR,4902430899161,210,225,4,
1557,PANTENE TOTAL DAMAGE CAR,4902430899437,170,180,4,
1558,PAPAYA FAIRNESS FACIAL M,8809311914288,90,99,6,
1559,PARACHUTE ADV SOFT BODY,8901088064576,138,310,3,
1560,PARLE CHATKEEN ALOO BHUJ,,44,88,2,
1561,PARLE CHATKEEN BHUJIA SE,,44,88,2,
1562,SAVLON LIQUID 100 ML,8901725973124,39,44,1,
1563,SAVLON LIQUID 50 ML,8901725973117,21,24,1,
1564,SHAGUN LIFAFA ENVELOP WI,,4.5,15,96,
1565,SHAGUN LIFAFA EVELOP NO,,2.5,10,249,
1566,SUGAR 1KG,8902195070627,1,65,3,
1567,WHITE TONE FACE CREAM 15,8908001158374,45,48,2,
1568,WHITE TONE FACE CREAM 25,8908001158381,70,75,1,
1569,WILD BERRY SKITTLESS 33.,8906002489107,40,50,7,
1570,CATCH MEAT MASALA,8901192213112,70,75,1,
1571,BRU INSTANT COFFEE,8901030656927,135,170,4,
1572,BRYLCREEM HAIR CREAM 75,8901030740930,70,80,1,
1573,ARIEL LIQUID DETERGENT 1,4987176050533,200,225,5,
1574,CATCH KASHMIRI MIRCH POW,8901192103116,60,80,4,
1575,CLEAN AND CLEAR FOAMING,8901012189177,40,75,2,
1576,SNAC TAC SWEET CORN SOUP,8904132917231,24.5,49,6,
1577,SUNFEAST DARK FANTASY YU,8901725134693,70,140,6,
1578,SNAC TAC MASALA BOONDI 1,8904132917262,31,62,5,
1579,JIVO MUSTARD OIL 1 LTR.,8908000258198,161,215,5,
1580,REAL MIXED MASALA JIUCE,8901888005748,57,120,49,
1581,WHISPER ALOE 6 PADS XL,4987176057570,30,32,0,
1582,VIRAT BLACK SALT 200GM,8908013998135,18,20,6,
1583,ZANDU KESARI JIVAN 450G,8901248702034,400,410,1,
1584,WHISPER 20 PADS,4902430420556,65,72,0,
1585,VICKS C DROPS 2 GM,,0.76,1,38,
1586,RAJDHANI BESAN 1 KG,8906055100011,70,125,1,
1587,PARLE KISMI TOFFEE,8901719100864,40,50,1,
1588,POLO,,0,5,-10,
1589,KACCHA MANGO BITE LOOSE,,1,1,13,
1590,MAAZA 600 ML,8901764092206,32,40,20,
1591,MAD ANGLES 36 GM,8901725198121,8,10,1,
1592,MAD ANGLES ACHARI 33 GM,,9,10,9,
1593,POLO SMALL MINT,,4,5,12,
1594,TOO YUMM MULTIGRAIN TANG,8906090571180,8.5,10,5,
1595,COLGATE SENSITIVE PLUS,8901314012401,70,140,6,
1596,COLGATE SWARNA UEDSHAKTI,8901314309648,99,159,4,
1597,EMAMI KESH KING AYURVEDI,8901248230001,150,300,4,
1598,DEEPAK SAMPURNA PUJAN SA,,70,130,2,
1599,ORION CHOCOPIE 25 GM,8906130900079,9,20,10,
1600,ORION REAL STRAWBERR CHO,8906130900116,9,90,0,
1601,OSSUM BLOSSOM,8904238300647,130,140,3,
1602,OSSUM WITH AQUA DELIGHT,8904238300654,200,225,0,
1603,OSSUM WITH AQUA ROMANCE,8904238300623,200,250,1,
1604,OVEN GLOVE SINGLE HAND,36000367058,40,90,3,
1605,OXYLIFE NATURAL 5 RASIAN,8901103171326,72,82,0,
1606,OZONE SEMOP HAIR CLEANSE,8902443501903,199,199,2,
1607,PALMOLIVE AROMA ABSOLUTE,8901314552808,139,199,3,
1608,PALMOLIVE AROMA MORNING,8901314552815,139,199,3,
1609,PAMPER BABY DRY,4902430847346,80,80,3,
1610,PAMPER PACK OF 2 L,,28,28,9,
1611,PAMPERS M 8 PANTS,4902430839075,90,99,0,
1612,PANSARI OREAL OIL 1L,8908002823127,420,432,0,
1613,PANTENE ADVANCED HAIR FA,4902430541336,570,625,0,
1614,PANTENE LIVELY CLEAN SHA,4902430346429,530,550,1,
1615,PANTENE OPEN HAIR MIRACL,4902430880312,45,90,1,
1616,PANTENE SHAMPOO,,0,2,49,
1617,PARACHUTE OIL 45 ML JAR,8901088182973,17,20,0,
1618,PARACUUTE HAIR CREAM 50G,8901088026758,40,50,0,
1619,PARCHOCO DELIGHT 250 GM,8901719118883,140,150,-2,
1620,PARK AVENUE FIESTA SALE,8901277014856,180,199,1,
1621,PARK AVENUE HERCULES,8901277017376,180,199,5,
1622,PARK AVENUE MEN'S SOAP,8901277012722,20,25,1,
1623,PARK AVENUE MENS SOAP 50,8901277018922,200,212,-1,
1624,PARK AVENUE ORIGINAL COL,8901277015952,90,99,4,
1625,PARK AVENUE TRANCE,8901277014863,180,199,0,
1626,PARK AVENUE ZOUK,8901277014849,180,199,-1,
1627,PARLE 20 20 CASHEW COOKI,8901719109898,24,25,1,
1628,PARLE ASSORTEDCANDIES 2,8901719119026,33.33,50,2,
1629,PARLE BHUJI SEV 400GM,8901719110740,80,88,0,
1630,PARLE CHATKEENS BHUJIA S,8901719119682,100,105,4,
1631,PARLE CHATKEENS HOT & SP,8901719119699,52.5,105,5,
1632,PARLE CREAM ONION 70GM,8901719102936,27,30,3,
1633,PARLE FAB BOURBON BAR 20,,4,5,27,
1634,PARLE G 250 GM,8901719112737,21,22,0,
1635,PARLE G NUTRICRUNCH DIGE,8901719117329,100,200,1,
1636,PARLE H&S CHOCO ROLLS 33,,7,10,20,
1637,PARLE HIDE & SIKE CHOCO,8901719118135,100,120,-1,
1638,PARLE HIDE AND SEEK BLAC,8901719110580,140,150,2,
1639,PARLE HIDE AND SEEK STRA,,25,30,0,
1640,PARLE HIDE AND SEEK STRA,,20,30,2,
1641,PARLE KHATTA MEETHA MIXT,8901719110764,80,84,-1,
1642,PARLE MASALA MASTI FLAVO,8901719106699,27,30,-5,
1643,PARLE MELODY CHOCOLATY,8901719220159,40,50,0,
1644,PARLE MELODY MAX CHOCOLA,8901719115448,40,50,0,
1645,PARLE MELODY PACK 195 GM,,47,50,1,
1646,PARLE MONACO JEFFS JAR 2,,54,60,1,
1647,PARLE MONACO PIRI PIRI 1,8901719117336,27,30,0,
1648,PARLE MOONG DAL,8901719119668,120,128,0,
1649,PARLE NUTRIRUNCH LITE CR,8901719120299,52.5,70,3,
1650,PARLE THAI SRIRACHA FLAV,8901719117732,27,30,-6,
1651,PARLE WAFERS PIRI PIRI 7,,15,30,2,
1652,PARLEG PREMIUM,,1.8,2,0,
1653,PARLES LAYS CLASIC SALTE,8901719171727,27,30,13,
1654,PARLES PIRI PIRI,8901719120657,30,60,22,
1655,PARLES PIRI PIRI FLAVOUR,8901719107221,27,30,2,
1656,PARLIES TANGY TOMATO FLA,8901719102929,27,30,-1,
1657,PASS PASS PULSE CANDY,,0.75,1,10,
1658,PASTRY TONG CHIMTA,,88,100,0,
1659,PATANJALI ALOEVERA KANTI,8904109451928,30,35,1,
1660,PATANJALI AMRIT RASAYAN,,175,200,1,
1661,PATANJALI DANT KANTI,,90,95,0,
1662,PATANJALI FACIAL FOMA AN,8904109451089,40,60,1,
1663,PATANJALI GILOY GHANVATI,8904109420078,90,100,0,
1664,PATANJALI HALDI CHANDAN,8904109451911,30,35,-1,
1665,PATANJALI HERBAL WASH,8904109450730,20,28,1,
1666,PATANJALI KESH KANTI HAI,8904109451706,50,60,3,
1667,PATANJALI KESH KANTI HAI,8904109450709,50,60,3,
1668,PATANJALI KESH KANTI REE,8904109450020,70,75,2,
1669,PATANJALI KESH KANTI SHI,8904109463198,85,95,2,
1670,PATANJALI LEMON HONEY FA,8904109450440,40,45,1,
1671,PATANJALI MOSTURIZER CRE,8904109451324,40,75,0,
1672,PATANJALI MULTANI MITTI,8904109450228,30,35,1,
1673,PATANJALI NEEM TULSI FAC,8904109451553,40,50,3,
1674,PATANJALI SAUNDARYA FACE,8904109450426,50,60,0,
1675,PATANJALI TULSI PANCHANG,8904109467578,80,90,0,
1676,PEARS OIL,,40,49,-1,
1677,PEARS PURE AND GENTEL BA,8901030771293,195,210,1,
1678,PEARS SOFT AND FRESH SOA,8901030878244,247,285,1,
1679,PEN,,4,5,40,
1680,PENCIL POUCH BLISTER CLO,,19,80,6,
1681,PENDING,,0,0,-1,
1682,PENTENE SHAMPOO POUCH HA,,1.5,2,80,
1683,PEPSODENT TONGUE CLEANIN,,30,40,0,
1684,PISTA SALTED75G,8902901222081,53,155,0,
1685,PISTACHOIOS ROSTED AND S,8904252301712,240,250,0,
1686,PLANFIX STICKYNOTE,,14,45,8,
1687,PLASTIC DISPOSAL FORK,,45,75,10,
1688,PLASTIC DISPOSAL GLASS P,36000367034,35,110,18,
1689,PLASTIC DISPOSAL GLASS P,,0.7,25,14,
1690,PLASTIC DISPOSAL GLASS P,,1.5,5,-65,
1691,PLASTIC DISPOSAL SPOON,,80,120,14,
1692,PLASTIC DISPOSAL WHITE F,,100,150,2,
1693,PLASTIC PAPER PLATE,,5,10,19,
1694,POCHA CLOTH WIPER,,20,40,11,
1695,POCHA WIPER CLOTH MEDIUM,,14,25,12,
1696,POLO TAPE DISPENSER,,30,55,7,
1697,POLYESTER CURTAIN GLITTE,,0,0,10,
1698,POLYESTER CURTAIN MATT F,,0,0,30,
1699,PONDS BRIGHT BEAUTY,8901030826269,70,72,0,
1700,PONDS DREAMFLOWER FRAGRA,8901030772290,250,280,2,
1701,PONDS LIGHT MOISTUROSER,,35,40,0,
1702,PONDS MAGIC FRESHNESS TA,8901030772320,260,300,2,
1703,POSTER CORN FLOUR 100 GM,8906036880116,22,32,9,
1704,POUR HOME ROOM FRESHNER,8901450011559,130,149,1,
1705,POWER POINT AGARBATTI 16,,9,10,24,
1706,PRABHAT RICE RING MASALA,,15,30,3,
1707,PRABHAT SOYA KATORI MASA,,20,40,4,
1708,PRE ROLLED CONES SMOKIIZ,606034636774,900,960,1,
1709,PRE ROLLED CONES SMOKIIZ,,10,15,21,
1710,PREMIER SYNTHETIC GUM 18,24027991,5,6,7,
1711,PRIL DISHWASH LIQUID LIM,,60,310,1,
1712,PRINGLES DESI MASALA TAD,,0,109,-3,
1713,PRINGLES SOUR AND CREAM,8886467122408,100,109,16,
1714,PRIYAGOLD DIGESTIVE BISC,8901652142532,45,65,1,
1715,PRIYAGOLD ITALIANO 100G,8901652141542,0,65,2,
1716,PRYGL HUNK CHOCCRMAL NOU,8906029791764,100,200,8,
1717,PRYGL HUNK CHOCCRMAL NOU,8906029792013,9,10,43,
1718,PULL FLOWER RIBBON SET O,,10,20,10,
1719,PURO SALT 1 KG,8908008468087,100,110,6,
1720,RAJASTHANI SWEET LIME PI,8906001050933,100,130,2,
1721,RAJDHANI SOOJI 500 GM,8906002342587,30,35,0,
1722,RAJWADI BITE,8901030717826,7.37,10,-1,
1723,RASNA 12G,8901848000042,40,44,12,
1724,RASNA INSTA ENERG ORANGE,8901848001049,130,135,3,
1725,RAT KILL POWERGUARD 25 G,8901396534006,15,20,10,
1726,REAL JUICE 180 ML MIXED,8901888006363,14,20,26,
1727,REAL JUICE CRANBERRY 1 L,8901888000347,103,115,4,
1728,REAL JUICE GRAPES 180 ML,8901888006585,14,20,16,
1729,REAL JUICE PINEAPPLE 180,8901888006387,14,20,-4,
1730,REAL MANGO DRINK 1.2L,8901207032608,46.67,70,5,
1731,REAL PINK GUAVA 1 LTR.,8901207032493,77,115,4,
1732,RED BULL PACK OF 4,9002490224844,420,440,2,
1733,RED CHILLI POWDER,,0,95,-1,
1734,RED CHILLI SAUCE,8901595862825,15,20,1,
1735,REXONA COCONUT & OLIVE O,8901030703195,45,50,0,
1736,REXONA DEODRANT ALOVERA,8901030831768,60,70,1,
1737,REYNOLDS PEN 5 MRP,8904275300006,3.33,5,503,
1738,RICE 1 KG LOOSE BLACK 69,,69,90,0,
1739,ROGHAN BADAM SHIRIN OIL,8901453038225,220,220,2,
1740,ROSHI GINGER HIBISCUS DE,8908015856020,200,220,12,
1741,ROUGH REGISTER GLOW FUTU,9255549850611,17,30,44,
1742,SAI NOTEBOOK 112 PG M,,13.75,20,200,
1743,Sai Notebook 172 P 3in1,,22,35,200,
1744,Sai Notebook 172 P E,,22,35,200,
1745,Sai Notebook 172 P H,,22,35,200,
1746,Sai Notebook 172 P M,,22,35,200,
1747,Sai Notebook 220 P HEM3i,,28,45,328,
1748,Sai Register Notebook 12,,15,25,10,
1749,Sai Register Notebook 17,,24,40,10,
1750,Sai Register Notebook 20,,29,40,3,
1751,Sai Register Notebook 22,,29,55,8,
1752,SAI REGISTER REGISTER NO,,24,30,20,
1753,SAMAK CHAWAL,779167033,32,75,9,
1754,SANTOOR GLYCERINE SOAP 1,,110,245,3,
1755,SANTOOR HAND WASH WITH B,8901399242212,60,75,15,
1756,SANTOOR HANDWASH 750 ML,8901399241086,75,109,4,
1757,SANTOOR HANDWASH BOTTLE,8901399241697,60,70,0,
1758,SANTOOR LOTUS & TULSI 18,8901399246029,50,60,20,
1759,SANTOOR SANDALWOOD 180ML,8901399241031,60,75,4,
1760,SANTOOR SOAP 53 GM,8901399016028,8,10,1,
1761,SANTOOR SOAP 53 GM 3+1,,20,40,0,
1762,SATMOLA SUJI RUSK,8906037913936,30,38,3,
1763,SAVLON HEXA ADVANCE SHOP,8905110003458,196,295,3,
1764,SCISSOR SMALL,853817007065,25,40,-1,
1765,SCJOHNSON ALL OUT,8904271200232,65,72,0,
1766,SCOTCH BRIGHT KITCHEN CL,8901361301114,180,195,1,
1767,SCOTCH BRITE,,20,40,3,
1768,SCOTCH BRITE SUPER PACK,8901361404457,75,150,2,
1769,SCOTCH BRITE 10 BY 14,8901361371162,25,40,4,
1770,SCOTCH BRITE 2+1,8901361305747,60,65,6,
1771,SCOTCH BRITE 3 N,8901361303736,87,90,5,
1772,SCOTCH BRITE ANTIBACTERI,8901361371179,17,20,5,
1773,SCOTCH BRITE COMBO IRON,8901361403955,13,20,11,
1774,SCOTCH PERMANENT GLUE ST,8901361301688,25,40,1,
1775,SCRUB O MAX,8902618008930,0,25,0,
1776,SCRUBZ SCRUBER STAINLESS,8904132907959,15,0,6,
1777,SELMON PASTA GOMITI 500G,8902689111089,160,175,2,
1778,SENSODYNE 2+1 BRUSH,8901571005833,90,100,0,
1779,SENSODYNE DEEP CLEAN,8901571009879,35,70,4,
1780,SENSODYNE FRESH GEL,8901571004614,110,115,1,
1781,SENSODYNE REPAIR AND PRO,8901571004829,80,90,0,
1782,SENSODYNE REPAIR AND PRO,8901571006229,160,175,0,
1783,SENSODYNE SENSITIVE SOFT,8901571005383,45,50,-1,
1784,SENSODYNE SOFT TOUTH BRA,8901571009091,30,30,0,
1785,SERVE BUN BUTTER,,39,49,-2,
1786,SERVE DECORATION,,0,49,99,
1787,SERVE GINGER TEA +,,20,25,100,
1788,SERVE MASALA TEA ++,,30,35,100,
1789,SERVE MEAL,,24,49,96,
1790,SERVE PAPER CUP TEA,,10,15,98,
1791,SERVE TEA GO90 SPECIAL +,,40,45,100,
1792,SESA AYURVEDIC OIL 50ML,8904319400259,70,80,2,
1793,SESA HERBAL OIL,8904319400167,124,125,1,
1794,SET WET LAS VEGAS 120ML,8901088139182,125,250,3,
1795,SET WET STYLING GEL 50 M,8901088062459,45,50,0,
1796,SEVEN COLOR CRYSTAL BOLL,,90,100,1,
1797,SHADANI MIX FRUIT CANDY,8906092350028,100,120,1,
1798,SHAHI KULFI,8901030731372,14.13,20,0,
1799,SHAMELESS VANILLA,8901030735097,95.34,135,1,
1800,SHAMELESS VANILLA 700ML,8901030776236,69.92,99,0,
1801,SHINZ COMBO 500 ML,,100,100,0,
1802,SHIVAKA 1 PLY NAPKINS,,35,70,0,
1803,SIDDHI FOIL 25M ALUMINIU,,100,195,10,
1804,SIGMA 18MM PAGE CUTTER,8902689380379,21,25,1,
1805,SIGMA ALL PIN PAPER PIN,,28,40,1,
1806,SIGMA BINDER CLIP 25 MM,,35,40,2,
1807,SIGMA BINDER CLIPS,6925410820250,30,40,1,
1808,SIGMA PAPER OR BOARD PUS,,21,30,2,
1809,SIL MIXED FRUIT JAM,8908000420045,140,140,1,
1810,SINGHARA ATTA,779167077,42,75,8,
1811,SKORE COMDOM SMALL,,15,30,25,
1812,SKORE CONDOM SHADES,8906007130967,45,90,1,
1813,SKORE CONDOM SHADES 3 PA,8906007130950,20,30,5,
1814,SKORE CONDOMS COOL,8906007132497,50,100,0,
1815,SKORE CONDOMS FRUITS 150,8906007130868,45,90,27,
1816,SKORE CONDOMS WARM 3 N,8906007131438,20,35,29,
1817,SLICE 1.75L,8902080404575,63.25,95,4,
1818,SNAC ATAC CHEESE BURST 6,8908012477006,35,35,4,
1819,SNAC ATAC CORNADO 40G,8908012477228,55,55,3,
1820,SNAC ATAC CORNADO 40G,8908012477204,55,55,2,
1821,SNAC ATAC CORNADO CONES,8908012477402,60,60,2,
1822,SNAC TAC ALL IN 1 1KG,8904132918177,165,330,3,
1823,SNAC TAC BIKANERI BHUJI,8904132912823,330,340,0,
1824,SNAC TAC BIKANERI BHUJIA,,170,340,4,
1825,SNAC TAC KHATTA MEETHA 1,,162,320,1,
1826,SNAC TAC KHATTA MEETHA 1,8904132912762,32.5,65,6,
1827,SNAC TAC KHATTA MEETHA 1,8904132916067,300,330,2,
1828,SNAC TAC MANCHURIAN INST,8904132920958,12.5,25,3,
1829,SNAC TAC MASALA NOODLES,8904132912847,9,18,6,
1830,SNAC TAC MOONG DAL 150G,8904132912755,33.5,67,4,
1831,SNAC TAC NAVRATAN MIX 15,8904132912748,32.5,65,5,
1832,SNAC TAC PENNE PASTA 450,8904132912878,37,75,6,
1833,SNAC TAC TOMATO VEGGIE N,8904132920972,12.5,25,6,
1834,SNICKERS 14 GM,8906002484003,9,10,3,
1835,SNICKERS 14 GM ALMOND,8902433001345,10,15,8,
1836,SNICKERS 22 GM,8906002482481,15,20,0,
1837,SNICKERS ALMONDS 14 GM B,8902433001338,13,15,27,
1838,SNICKERS BAR 168G,8902433003080,149,149,4,
1839,SNICKERS BAR CHOCOLATE 4,8906002482450,35,45,0,
1840,SOFY 7 PADS,8903622000514,70,75,0,
1841,SOFY ANTI BACTERIA 10 PA,8903622071125,140,154,0,
1842,SOFY ANTI BACTERIA 15 Pa,8903622000163,100,125,1,
1843,SOFY COOL FRESHNESS 15 P,8903622000521,120,150,3,
1844,SOYA BADIYA 200GM,,35,70,8,
1845,SOYA CHUNKS RAJMANDIR,,65,77,5,
1846,SPONGE WIPES LOOSE,,20,35,4,
1847,SPRITE 2 L COLD DRINK,8901764032400,0,90,-2,
1848,SPRITE 750 ML COLD DRIN,,0,40,-1,
1849,SPRITE 750 ML COLD DRINK,8901764032271,32,40,71,
1850,STAYFREE SECURE 20N,8901012165256,75,82,0,
1851,STAYFREE SECURE 6PAD,,30,36,0,
1852,STIC COLORSTIX 12+1,8904101235052,25,35,2,
1853,STICK WIPER MEDIUM,,130,175,1,
1854,STICKY HIGHLIGHTER NOTES,,10,40,22,
1855,SUGAR,,0,0,-1,
1856,SUNF DARK FANTASY BOURBO,8901725114350,17.5,35,-4,
1857,SUNFEAST 5 SEED DIGESTIV,8901725114619,21,25,0,
1858,SUNFEAST DARK FANTASY 30,8901725101381,99,150,2,
1859,SUNFEAST DARK FANTASY 40,8901725120184,100,200,0,
1860,SUNFEAST DARK FANTASY CH,8901725132804,15,30,9,
1861,SUNFEAST DARK FANTASY CH,8901725132873,25,35,0,
1862,SUNFEAST DARK FANTASY VA,8901725132682,25,30,-9,
1863,SUNFEAST DARK FANTSY BOU,8901725101374,17.5,35,8,
1864,SUNFEAST KESAR BADAM MIL,8901725116170,23.45,35,0,
1865,SUNFEAST MOMS MAGIC BUTT,8901725109561,25,30,0,
1866,SUNFEAST PASTA MASAL 65G,8901725135218,18.67,43,3,
1867,SUNFEAST SWISS ROLL CHOC,8901725112769,7.5,10,0,
1868,SUNFEAST VANILLA MILKSHA,8901725116835,23.45,35,0,
1869,SUNFEAST VEDA DIGESTIVE,8901725113025,17,20,1,
1870,SUNSILK BLACK SHINE POUC,8901030866005,0.8,1,179,
1871,SUPER MAX -3,752754002181,150,200,4,
1872,SUPER PATANJALI 250 GM D,,10,15,2,
1873,SURF EXCEL EASY WASH 5 K,,510,599,0,
1874,SURF EXCEL MATIC LIQUID,8901030824890,180,199,0,
1875,SURF EXEL BLUE DETERGENT,8901030850479,52,60,0,
1876,SURF EXEL ORANGE 500 GM,8901030814150,93,104,0,
1877,SW WRAPING PAPER 20 PAGE,,2.5,15,20,
1878,TABLE TOP BASKET FOR STA,,99,149,2,
1879,TATA CHEESY PASTA VEG,8906111440006,25,99,3,
1880,TATA SAMPANN 180G,8904043903125,70,70,4,
1881,TATA TEA PREMIUM,,114,130,1,
1882,TATA TEA PREMIUM 250GM,8901052004546,100,130,-6,
1883,TATA TEA PREMIUM 500 GM,8901052004584,190,245,0,
1884,THUMB PUSH PIN GOLD LEAF,,14,30,2,
1885,TICTAC MINT CHEWING GUM,8000500366769,9,10,3,
1886,TOOPERS NOTE BOOK,,30,50,2,
1887,TOOR ARHAR DAL 1KG,36000413502,100,115,11,
1888,TOP RAMEN CHICKEN NOODLE,8901014002412,53,60,6,
1889,TOPS CUSTARD BUTTER SCOT,8904288621129,20,38,0,
1890,TOPS RED CHILLI,,28,55,2,
1891,TOPS STRAWBERRY JELLY CR,8904288621020,40,50,0,
1892,TOPS TOMATO KETCHUCP 500,,80,95,5,
1893,TOPS TOMATO KETCHUP REFI,8904288601183,65,130,1,
1894,TRACK PANT XL VISHAL,,700,700,0,
1895,TRESEMME HAIR FALL DEFEN,8901030776311,50,55,0,
1896,TRESEMME KS KERATIN SMOO,8901030776335,55,60,1,
1897,TRESEMME SMOOTH & SHINE,8901030705885,65,120,5,
1898,TRESEMME SMOOTH & SHINE,8901030840166,55,65,0,
1899,TRIDENT SPECTRA A4 75 GS,,177,270,2,
1900,TROPICANA MIXED FRUIT DE,8902080013395,74,110,1,
1901,TROPICANA ORANGE DELIGHT,8902080013296,74,110,0,
1902,UNCLE CHIPS PLAIN SALT 2,8901491405003,9,10,3,
1903,UNIBIC CASHEW ALMOND,8906009071961,4.5,5,4,
1904,UNIBIC CHOCO,,22,25,9,
1905,UNIBIC CHOCO NUT COOKIES,8906009071732,160,180,0,
1906,UNIBIC CHOCO NUT COOKIES,8906009071602,20,25,-1,
1907,UNIBIC CHOCO RIPPLE 31 G,8906009070926,4,5,0,
1908,UNIBIC CHOCO RIPPLE COOK,8906009079073,9,10,0,
1909,UNIBIC OATMEAL COOKIES 1,8906009078762,40,50,1,
1910,UNIBIC SNACK BAR FRUIT A,8906009079707,21,40,0,
1911,UNIBIC WITTY BITE 500GM,8906009072494,75,150,4,
1912,URAD CHHILKA DAL 1 KG,,82,120,10,
1913,URAD SABUT DAL 1 KG,,80,125,9,
1914,UTSAV DANISH BUTTER COOK,8901972061056,0,350,1,
1915,VANESA BABE 60NK,8901450012181,200,299,0,
1916,VATIKA SHAMPOO POUCH 7 S,8901207023156,0.8,1,160,
1917,VEBA CARROT & CUCUMBER 1,8906069402033,25,39,3,
1918,VEEBA EGGLESS MAYONAISE,8906069401746,30,39,2,
1919,VERMICELLI 450GM,8906114820027,40,42,0,
1920,VICKS INHALER,4987176077356,43,1095,2,
1921,VI-JOHN,8906010080457,30,30,0,
1922,VIM BAR 300 GM,,20,23,0,
1923,VLCC SPF SUNSCREEN 15 GM,8907122008421,15,20,24,
1924,WAGH BAKRI SMALL,8901747000266,4,5,-2,
1925,WHISPER ULTRA CLEAN XL 3,,155,310,1,
1926,WHISPER ULTRA SOFT AIR F,4902430377621,120,140,5,
1927,WHISPER XL 6 PADS,4987176076816,40,42,-1,
1928,WHISPER XL+ 15 PADS,4902430707565,170,180,169,
1929,WHISPER XL+27 PADS,4902430872720,320,340,7,
1930,WHISPER XXL+6,4902430339650,39,49,-1,
1931,WHITE DISPOSAL PLATE COR,,110,150,1,
1932,WILD STONE BODY PERFUME,8904006302507,250,250,1,
1933,WILLS NAVY CUT,,90,200,95,
1934,WILLS NAVY CUT SMALL,,90,95,0,
1935,WIPRO SAFEWASH LIQ DETER,8901399338533,297,425,4,
1936,WIPRO SWEET 'N' HEALTHY,8901399092015,75,100,2,
1937,WIRO NOTE BOOK,,100,110,-1,
1938,WONDER CELLO TAPE MEDIUM,36000464993,35,40,11,
1939,WONDER CLEAN 1 lTR.,8906004130861,45,90,3,
1940,WONDERSPA LIQUID HAND WA,8906004132711,100,169,3,
1941,WONDERSPA LIQUID HAND WA,8906004132704,100,169,3,
1942,WRIGLEY DOUBLEMINT PAANM,8902433001161,8.5,10,29,
1943,WRIGLEYS DOUBLEMINT CHEW,8906002488490,44,50,17,
1944,WRIGLEYS DOUBLEMINT SPEA,89007662,8.5,10,28,
1945,WRIGLEYS PIM POM LOLIPOP,,3.8,5,5,
1946,XTD,,0,100,0,
1947,XXXX,,0,0,0,
1948,YEPPIE MAGIC MASALA 270,,44,48,2,
1949,YIT 4IN1 POWER STRIP BLA,8906096150242,99,199,4,
1950,YUMMIE ANMOL ELAICHI,8902268003248,4.5,5,1,
1951,YUMMIEZ CHICKEN NUGGETS,8902756352056,180,250,1,
1952,ZED BLACK DHOOP KON 12 P,,100,144,0,
1953,ZHAKAAS 3 D FLOWER,8906104540850,45,50,3,
1954,ZHAKAAS 3D OVAL,8906104540867,45,50,3,
